lad_code,ltla24_name,imd_average_rank,imd_rank_of_average_rank,imd_average_score,imd_rank_of_average_score,imd_proportion_of_lso_as_in_most_deprived_10_percent_nationally,imd_rank_of_proportion_of_lso_as_in_most_deprived_10_percent_nationally,imd25_extent,imd25_rank_of_extent,imd25_local_concentration,imd25_rank_of_local_concentration,income_average_rank,income_rank_of_average_rank,income_average_score,income_rank_of_average_score,income_proportion_of_lso_as_in_most_deprived_10_percent_nationally,income_rank_of_proportion_of_lso_as_in_most_deprived_10_percent_nationally,income_scale,rank_of_income_scale,employment_average_rank,employment_rank_of_average_rank,employment_average_score,employment_rank_of_average_score,employment_proportion_of_lso_as_in_most_deprived_10_percent_nationally,employment_rank_of_proportion_of_lso_as_in_most_deprived_10_percent_nationally,employment_scale,rank_of_employment_scale,education_skills_and_training_average_rank,education_skills_and_training_rank_of_average_rank,education_skills_and_training_average_score,education_skills_and_training_rank_of_average_score,education_skills_and_training_proportion_of_lso_as_in_most_deprived_10_percent_nationally,education_skills_and_training_rank_of_proportion_of_lso_as_in_most_deprived_10_percent_nationally,health_deprivation_and_disability_average_rank,health_deprivation_and_disability_rank_of_average_rank,health_deprivation_and_disability_average_score,health_deprivation_and_disability_rank_of_average_score,health_deprivation_and_disability_proportion_of_lso_as_in_most_deprived_10_percent_nationally,health_deprivation_and_disability_rank_of_proportion_of_lso_as_in_most_deprived_10_percent_nationally,crime_average_rank,crime_rank_of_average_rank,crime_average_score,crime_rank_of_average_score,crime_proportion_of_lso_as_in_most_deprived_10_percent_nationally,crime_rank_of_proportion_of_lso_as_in_most_deprived_10_percent_nationally,barriers_to_housing_and_services_average_rank,barriers_to_housing_and_services_rank_of_average_rank,barriers_to_housing_and_services_average_score,barriers_to_housing_and_services_rank_of_average_score,barriers_to_housing_and_services_proportion_of_lso_as_in_most_deprived_10_percent_nationally,barriers_to_housing_and_services_rank_of_proportion_of_lso_as_in_most_deprived_10_percent_nationally,living_environment_average_rank,living_environment_rank_of_average_rank,living_environment_average_score,living_environment_rank_of_average_score,living_environment_proportion_of_lso_as_in_most_deprived_10_percent_nationally,living_environment_rank_of_proportion_of_lso_as_in_most_deprived_10_percent_nationally,region_name,lad_name
E06000001,Hartlepool,23075.98,30,37.58,6,0.4211,3,0.5259,8,33623.27,3,22621.74,32,0.357,18,0.4035,3,33507,127,24808.87,8,0.247,2,0.4912,1,14155.42,119,20372.95,80,30.453,46,0.2456,31,27986.98,5,1.199,4,0.5439,5,23229.13,24,0.638,12,0.3509,5,10230.73,261,15.27,260,0,222,12710.8,224,17.012,179,0.1404,61,North East,Hartlepool
E06000002,Middlesbrough,23840.54,21,40.037,2,0.5,1,0.5657,3,33672.1,2,23451.5,19,0.375,8,0.4556,1,55658,79,24478.41,12,0.233,3,0.4667,2,21538.42,77,23019.28,27,38.536,10,0.4444,1,26325.45,13,1.023,7,0.5778,3,25546.45,4,0.952,2,0.5444,1,16793.48,156,20.273,176,0,222,15495.61,133,21.818,101,0.1333,67,North East,Middlesbrough
E06000003,Redcar and Cleveland,20592.69,62,30.336,37,0.25,25,0.3665,44,33529.27,7,20065.55,65,0.297,41,0.2273,34,40697,110,23111.1,27,0.209,10,0.3182,14,16923.17,99,18804.75,105,25.343,91,0.1364,77,24548.37,35,0.745,26,0.3295,23,21421.85,49,0.437,40,0.2727,16,11759.07,236,16.587,236,0.0227,181,14000.41,187,18.178,155,0.0909,94,North East,Redcar and Cleveland
E06000004,Stockton-on-Tees,17658.71,119,25.83,69,0.1935,41,0.3182,59,33332.64,17,17456.18,114,0.256,84,0.1774,46,51225,90,19371.76,86,0.172,47,0.2419,32,21026.08,81,16434.59,147,22.91,117,0.1371,75,23977.52,40,0.723,29,0.371,18,18754.49,96,0.208,87,0.2339,25,9732.34,267,15.154,263,0.0242,180,11044.82,257,13.087,255,0.0484,162,North East,Stockton-on-Tees
E06000005,Darlington,18611.35,103,25.713,72,0.197,40,0.2814,69,33117.99,30,17758.63,110,0.248,93,0.1515,53,27130,155,19704.4,80,0.166,52,0.1667,48,11066.17,144,17746.05,122,24.246,105,0.1212,88,22820.69,54,0.575,47,0.2576,30,20033.36,73,0.283,69,0.2273,28,9290.05,272,14.779,267,0.0303,174,15443.2,136,21.474,106,0.1818,44,North East,Darlington
E06000006,Halton,20886.57,55,31.117,31,0.3125,16,0.429,27,33327.38,18,19553.35,78,0.294,46,0.25,26,37847,118,22085.67,42,0.199,21,0.3625,9,15903.58,109,20430.32,79,29.478,54,0.25,29,25527.47,21,0.88,15,0.4625,7,21232.92,55,0.382,52,0.2125,34,13914.07,208,18.191,210,0,222,13903.88,189,16.19,194,0.0375,187,North West,Halton
E06000007,Warrington,13072.02,199,16.835,174,0.0606,114,0.1561,121,30722.59,114,13280.36,197,0.182,176,0.0606,110,38477,117,15112.07,162,0.122,143,0.0833,99,15980.67,107,12914.2,221,15.677,194,0.0455,147,17051.15,129,0.034,126,0.1061,75,15516.8,149,-0.111,153,0.1136,79,9750.86,266,14.842,266,0,222,14377.38,172,16.742,182,0.053,149,North West,Warrington
E06000008,Blackburn with Darwen,24567.65,11,36.899,10,0.3736,9,0.5702,2,33262.48,24,23959.81,13,0.372,11,0.3846,4,57873,74,23603.23,20,0.201,18,0.3297,11,19289.92,89,23423.85,21,36.227,15,0.3407,8,25146.27,24,0.787,21,0.3516,21,21590.38,47,0.425,42,0.2857,12,20588.17,91,23.985,103,0.044,143,22167.19,37,33.581,27,0.3077,17,North West,Blackburn with Darwen
E06000009,Blackpool,26536.86,1,43.467,1,0.4043,6,0.5217,9,33748.14,1,24532.52,10,0.377,7,0.2979,17,53344,86,27048.07,1,0.26,1,0.4149,5,22726.92,72,24738.16,9,38.323,11,0.2979,13,30546.18,1,1.525,1,0.5851,2,25954.02,2,0.987,1,0.3723,4,10658.31,254,15.611,251,0,222,25331.83,21,37.754,13,0.3404,15,North West,Blackpool
E06000010,"Kingston upon Hull, City of",24324.73,14,37.206,8,0.4167,4,0.52,11,33340.11,16,23724.04,16,0.363,15,0.3512,8,97543,26,23530.7,22,0.208,11,0.381,7,35819.5,20,25094.91,7,39.863,6,0.4226,2,25467.2,22,0.784,22,0.375,16,25923.34,3,0.841,4,0.4167,2,16442.27,166,20.114,179,0.006,216,17876.79,93,23.629,83,0.1607,54,Yorkshire and The Humber,"Kingston upon Hull, City of"
E06000011,East Riding of Yorkshire,12648.72,203,15.755,189,0.061,113,0.0982,155,30438.49,120,12444.65,216,0.163,203,0.0423,133,56193,76,13305.36,202,0.109,179,0.0704,108,21833.58,75,15190.93,176,18.435,160,0.0892,109,12393.18,193,-0.358,191,0.0376,119,11333.56,236,-0.467,237,0.0657,122,16040.53,172,21.075,159,0.1221,88,14705.58,160,18.491,148,0.0704,123,Yorkshire and The Humber,East Riding of Yorkshire
E06000012,North East Lincolnshire,19754.27,81,30.213,39,0.271,21,0.3698,38,33609.96,4,19834.94,71,0.301,40,0.243,29,47480,94,21109.77,55,0.192,26,0.271,20,18138.42,95,22064.41,48,33.893,26,0.2617,24,20766.76,78,0.389,67,0.1776,48,21282.13,53,0.462,33,0.2897,11,12629.58,227,17.248,226,0.0093,210,16079.7,122,22.213,94,0.215,34,Yorkshire and The Humber,North East Lincolnshire
E06000013,North Lincolnshire,18590.12,104,23.473,99,0.1165,77,0.2107,98,32214.66,63,17616.49,112,0.234,110,0.1068,77,39678,114,19589.59,81,0.148,85,0.0874,96,14998.75,113,20043.68,87,27.639,70,0.1845,49,19492.22,95,0.218,92,0.0777,94,18070.53,110,0.144,100,0.1748,52,17662.23,140,23.185,119,0.1748,61,13219.43,210,15.446,214,0.0388,183,Yorkshire and The Humber,North Lincolnshire
E06000014,York,9512.5,261,11.814,251,0,193,0.0682,179,27798.04,176,9758.42,267,0.131,263,0,206,26622,160,9031.7,265,0.079,261,0.0083,199,10502.92,150,11581.35,243,14.123,221,0.0826,115,13584.22,173,-0.277,172,0.0413,117,11794.59,226,-0.478,239,0.0413,153,10411.4,258,15.254,261,0,222,12842.37,220,15.78,208,0.0496,160,Yorkshire and The Humber,York
E06000015,Derby,19898.13,79,28.155,52,0.1842,46,0.3611,45,33110.37,32,20499.35,55,0.296,44,0.1842,44,77908,54,21037.54,56,0.17,48,0.1513,51,28109.5,48,20536.19,77,31.405,42,0.2039,41,22532.05,57,0.488,56,0.1382,63,20798.54,62,0.331,59,0.1645,59,11055.27,244,15.817,244,0,222,17417.52,102,22.988,89,0.1118,82,East Midlands,Derby
E06000016,Leicester,25204.55,6,34.449,16,0.2,38,0.495,16,32821.38,43,24364.09,12,0.345,23,0.235,30,128549,11,20780.99,58,0.158,65,0.15,52,38790.08,14,25455.61,6,38.592,9,0.35,6,21056.15,72,0.366,71,0.135,64,23523.61,20,0.574,19,0.275,14,27871.13,7,33.722,11,0.315,27,21978.54,38,32.41,31,0.275,23,East Midlands,Leicester
E06000017,Rutland,8552.38,272,9.851,276,0,193,0,282,15058.78,294,8054.81,291,0.105,291,0,206,4320,294,7336.7,287,0.067,286,0,209,1567.92,294,6886.48,287,6.437,288,0,224,5481.08,280,-0.955,271,0,178,6680.1,292,-0.899,293,0,238,21626.91,80,28.122,53,0.3462,19,16273.86,118,19.98,124,0.0385,184,East Midlands,Rutland
E06000018,Nottingham,24079.07,18,33.747,20,0.3073,18,0.5039,15,32737.58,46,22703.08,30,0.334,27,0.3017,16,109277,17,21362.6,53,0.181,38,0.3408,10,40944.42,12,23187.01,23,32.605,34,0.1899,45,26125.68,14,0.836,19,0.3799,15,23787.87,15,0.572,20,0.2458,20,16853.8,155,20.538,168,0,222,21628.5,41,29.374,40,0.1788,45,East Midlands,Nottingham
E06000019,"Herefordshire, County of",16764.48,136,18.762,152,0.0085,185,0.0714,178,28211.49,167,14782.91,169,0.179,183,0.0085,200,33696,126,14817.38,169,0.11,176,0.0256,153,12017,137,16937.26,138,19.578,149,0.0427,149,13467.64,176,-0.274,171,0,178,10343.22,254,-0.554,258,0.0342,167,22751.57,60,30.02,35,0.3504,18,19809.63,59,28.319,43,0.2735,24,West Midlands,"Herefordshire, County of"
E06000020,Telford and Wrekin,19007.58,95,24.423,84,0.1304,66,0.252,80,32109.44,66,20397.29,58,0.275,60,0.1217,64,51990,89,20009.35,73,0.158,66,0.1565,50,18374.58,93,19335.04,96,25.892,85,0.1391,72,22178.84,61,0.436,60,0.1304,66,17847.34,111,0.075,115,0.1217,73,18379.39,125,22.195,130,0.0348,157,7752.34,291,8.54,290,0,253,West Midlands,Telford and Wrekin
E06000021,Stoke-on-Trent,23586.1,26,33.614,21,0.2883,19,0.4945,17,32889.75,39,22704.79,29,0.331,28,0.2699,22,86032,35,23666,19,0.195,25,0.3006,15,31347.83,36,24623.61,11,36.718,13,0.2945,14,27278.12,10,0.948,11,0.3742,17,22488.4,34,0.458,36,0.2086,37,12444.41,231,16.893,234,0,222,17546.18,99,23.885,80,0.1656,53,West Midlands,Stoke-on-Trent
E06000022,Bath and North East Somerset,10247.52,252,12.281,245,0.0254,151,0.0384,214,26239.75,209,10670.32,256,0.137,250,0.0169,172,26722,159,10496.73,250,0.086,244,0.0254,154,10719.42,147,11219.71,247,12.831,239,0.0424,150,9874.19,232,-0.619,235,0.0085,171,12149.11,214,-0.432,226,0.0339,168,14335.65,202,18.737,204,0.0254,177,15743.52,127,19.797,126,0.0932,92,South West,Bath and North East Somerset
E06000023,"Bristol, City of",17434.22,123,22.496,110,0.1119,84,0.213,97,32343.28,62,15948.3,138,0.218,125,0.0933,84,104159,21,15421.45,159,0.124,136,0.097,91,41186.5,11,17431.26,125,24.567,101,0.1642,61,19511.33,94,0.216,93,0.1157,72,21417.65,50,0.384,50,0.1791,49,10366.04,260,15.393,257,0.0112,209,20581.8,54,26.386,59,0.1045,84,South West,"Bristol, City of"
E06000024,North Somerset,12208.97,215,15.456,192,0.0652,111,0.0956,158,30756.72,113,12987.81,205,0.168,194,0.0362,139,36747,123,14256.98,183,0.115,167,0.0652,114,14632.33,115,14920.37,181,17.356,176,0.058,134,11957.15,200,-0.405,200,0.0507,106,13396.29,196,-0.282,194,0.087,97,15796.63,180,19.923,181,0.0072,213,11813.67,246,14.633,231,0.058,141,South West,North Somerset
E06000025,South Gloucestershire,10114.56,253,11.614,254,0,193,0.0102,258,22743.04,253,11420.31,240,0.142,240,0,206,41750,109,10935.11,242,0.086,245,0,209,15767.42,111,14481.52,188,15.673,195,0.0057,223,10116.33,229,-0.566,227,0,178,11964.29,220,-0.426,222,0.0114,231,12897.59,223,17.909,216,0.0571,133,11200.03,256,13.009,256,0.0171,233,South West,South Gloucestershire
E06000026,Plymouth,18688.94,101,24.087,87,0.1159,80,0.257,74,31881.1,77,18340.6,97,0.244,97,0.0854,90,65189,68,20465.93,65,0.16,62,0.1402,62,27286.33,52,20192.92,86,26.923,78,0.1524,67,21966.3,63,0.431,63,0.1524,59,17072.67,121,0.001,123,0.0976,86,13532.87,213,17.968,215,0.0183,187,14420.04,171,18.432,149,0.0854,103,South West,Plymouth
E06000027,Torbay,21271.67,50,26.917,60,0.1099,87,0.2552,76,32441.4,58,20284.12,60,0.26,78,0.0549,120,36190,124,23240.61,26,0.18,41,0.1099,81,14425.17,117,22125.26,43,28.79,59,0.0989,104,24479.03,36,0.623,40,0.1429,60,16639.41,127,-0.001,125,0.0879,96,18219.7,130,21.751,142,0,222,17371.26,104,22.167,96,0.1099,83,South West,Torbay
E06000030,Swindon,14096.54,180,17.554,167,0.0714,109,0.1328,132,31025.9,110,15615.89,146,0.202,142,0.0786,94,47476,95,14729.58,172,0.117,161,0.0857,98,17400.83,96,19155.67,103,24.736,99,0.1143,92,13582.18,174,-0.255,170,0.0286,135,14681.91,169,-0.187,170,0.0571,134,15287.1,189,19.466,189,0.0143,202,10759.7,263,12.86,260,0.0214,222,South West,Swindon
E06000031,Peterborough,21226.31,51,27.799,54,0.1322,65,0.3665,43,31817.21,80,22178.55,38,0.31,36,0.1983,40,67377,61,20639.04,62,0.157,68,0.0826,100,21177.92,80,23013.77,28,35.069,21,0.2893,16,19883.48,86,0.227,89,0.0331,124,21074.12,57,0.323,63,0.1488,63,23387.44,49,26.948,66,0.0992,102,11479.57,251,13.936,240,0.0413,178,East of England,Peterborough
E06000032,Luton,22777.92,33,29.548,45,0.136,60,0.3669,41,32093.18,67,25298.13,8,0.365,14,0.28,20,82957,43,20732.98,61,0.15,81,0.04,135,21624.08,76,23873.32,16,32.088,37,0.104,100,19832.81,87,0.218,91,0.048,109,18701.9,99,0.159,98,0.08,106,26604.64,16,31.306,24,0.248,38,17548.86,98,22.183,95,0.088,99,East of England,Luton
E06000033,Southend-on-Sea,18080.37,113,24.027,89,0.1111,85,0.2645,71,32512.81,55,18304.66,99,0.252,90,0.0926,86,45463,102,19310.23,88,0.156,69,0.1389,65,17350.58,97,18386.51,115,22.845,118,0.0833,113,19155.2,96,0.193,95,0.1111,74,20351.01,71,0.341,57,0.213,33,11334.69,239,16.134,240,0,222,20659.2,52,26.248,62,0.0926,93,East of England,Southend-on-Sea
E06000034,Thurrock,17963.05,114,21.032,122,0.03,145,0.1391,129,29766.73,139,18684.12,91,0.237,108,0.05,126,41874,108,16934.91,131,0.124,137,0.02,165,13669.25,122,20877.75,67,24.841,96,0.04,154,15709.22,147,-0.107,144,0,178,20078.09,72,0.241,80,0.08,106,22423.86,66,26.66,72,0.1,100,14087.59,183,15.328,217,0,253,East of England,Thurrock
E06000035,Medway,19136.32,91,24.354,85,0.0888,97,0.2531,78,31939.66,75,18247.34,101,0.238,105,0.0651,104,67228,62,18958.57,92,0.145,89,0.1006,88,25533.17,60,20927.31,65,26.209,84,0.0769,118,18245.55,107,0.102,106,0.0414,116,22334.93,38,0.514,26,0.2308,26,22747.17,61,27.147,63,0.1243,86,14337.16,176,17.406,170,0.0414,177,South East,Medway
E06000036,Bracknell Forest,8640.96,271,10.084,271,0,193,0,282,20769.77,273,10701.5,254,0.133,258,0,206,16794,246,8795.81,269,0.073,276,0,209,5896.83,251,13403.44,214,14.172,220,0,224,5318.21,281,-1.15,286,0,178,10646.88,246,-0.552,257,0,238,20873.62,85,23.868,105,0.0122,207,7296.97,294,8.052,294,0,253,South East,Bracknell Forest
E06000037,West Berkshire,9686.36,257,11.049,261,0,193,0.0092,262,20782.11,272,10694.43,255,0.133,259,0,206,21478,194,9141.54,264,0.076,265,0,209,7478.83,202,12597.53,228,13.428,230,0.0202,187,7822.66,262,-0.808,265,0,178,9889.02,262,-0.588,262,0.0101,234,18244.89,128,22.689,127,0.0909,105,12723.45,223,15.882,201,0.0808,108,South East,West Berkshire
E06000038,Reading,16030.61,147,18.558,155,0,193,0.1039,150,28786.82,161,16764.07,127,0.211,129,0.01,198,37006,122,13480.82,196,0.102,203,0.01,195,12086.25,133,18154.17,119,23.146,116,0.08,117,15752.02,146,-0.129,151,0,178,18861.03,94,0.117,103,0.06,129,20472.32,94,23.533,112,0.03,175,15126.68,145,18.096,157,0.02,224,South East,Reading
E06000039,Slough,20246.11,72,22.967,105,0,193,0.122,140,27966.25,171,22791.51,28,0.289,50,0.0238,156,45982,100,17383.54,124,0.119,149,0,209,12084.75,134,20921.1,66,24.69,100,0,224,11503.84,210,-0.436,207,0,178,21973.83,42,0.384,49,0.0952,87,28562.21,6,34.025,10,0.3452,20,14497.88,167,15.984,199,0,253,South East,Slough
E06000040,Windsor and Maidenhead,7338.72,285,8.881,285,0,193,0,282,20386.36,275,8566.25,285,0.113,284,0,206,17493,238,7088.54,290,0.065,290,0,209,6139.33,248,9264.55,274,9.681,272,0,224,2948.19,293,-1.566,294,0,178,10771.36,245,-0.496,242,0,238,16327.82,169,20.448,170,0.0449,141,15043.77,148,17.787,164,0.0449,167,South East,Windsor and Maidenhead
E06000041,Wokingham,4328.48,295,6.102,295,0,193,0.0042,271,16487.21,292,6675.21,294,0.093,293,0,206,16845,245,4809.45,295,0.055,293,0,209,6001.5,250,6484.66,289,6.395,289,0,224,3326.6,291,-1.36,289,0,178,7413.49,289,-0.84,290,0,238,15841.43,178,19.879,183,0,222,7329.31,293,8.118,293,0,253,South East,Wokingham
E06000042,Milton Keynes,15478.75,157,18.503,156,0.0482,125,0.1202,143,30250.04,126,16806.59,126,0.21,131,0.0361,140,61275,71,14637.82,174,0.111,174,0.0361,140,20494.75,83,16346.32,150,19.843,146,0.0723,121,15431.28,151,-0.119,147,0.0301,130,16490.1,130,-0.031,129,0.0602,128,26247.63,21,30.482,30,0.1747,62,6232.84,296,7.165,296,0.006,251,South East,Milton Keynes
E06000043,Brighton and Hove,16380.88,143,20.266,133,0.0788,103,0.1528,124,31382.57,99,16568.71,130,0.213,127,0.0727,98,59090,73,16684.08,134,0.128,128,0.097,92,25055.92,61,14248.39,193,18.53,159,0.1091,94,17148.71,128,0.043,124,0.0848,89,17103.93,119,0.045,116,0.0909,91,16552.53,164,20.471,169,0.0182,188,18926.19,71,24.67,76,0.1212,73,South East,Brighton and Hove
E06000044,Portsmouth,20239.91,73,26.378,64,0.12,72,0.2533,77,32824.24,41,19277.91,80,0.259,80,0.104,79,54153,83,18265.3,108,0.14,104,0.104,86,19456.67,88,21175.99,61,29.299,55,0.168,58,20225.52,82,0.298,79,0.12,68,23295.78,22,0.546,23,0.216,30,17547.84,143,21.27,153,0.008,212,22753.89,34,28.962,41,0.08,110,South East,Portsmouth
E06000045,Southampton,20194.24,76,25.611,73,0.1184,73,0.2391,83,32164.22,64,19715.79,74,0.259,81,0.1118,74,65144,69,18216.86,110,0.139,106,0.1118,80,23749.83,65,20708.66,72,28.055,63,0.1645,60,23579.26,45,0.552,48,0.1579,54,25543.03,5,0.73,5,0.2697,17,10694.18,252,15.879,242,0.0132,204,17974.04,91,20.485,117,0.0066,250,South East,Southampton
E06000046,Isle of Wight,20855.08,56,24.599,83,0.0337,139,0.2006,106,30108.81,130,18870.58,88,0.234,111,0.0225,161,32836,132,21871.2,45,0.161,61,0.0337,143,12749.17,127,20644.41,75,24.434,103,0.0337,160,23489.84,47,0.508,55,0.1011,79,16301.79,133,-0.045,133,0.0449,147,22677.31,64,27.816,57,0.2584,34,15659.5,130,19.094,137,0.0787,112,South East,Isle of Wight
E06000047,County Durham,21488.54,47,28.808,49,0.1697,53,0.3602,46,32636.06,49,19574.41,77,0.266,70,0.1152,71,140010,7,22301.19,39,0.185,34,0.2545,28,60517.92,6,19739.27,92,25.76,87,0.1091,94,25823.12,17,0.836,18,0.3909,14,20985.7,60,0.344,56,0.1848,47,15928.13,176,20.323,172,0.0485,137,14484.14,168,17.638,165,0.0576,142,North East,County Durham
E06000049,Cheshire East,11388.25,231,14.169,212,0.0246,153,0.0952,159,29412.3,145,11209.47,247,0.149,230,0.0123,191,60571,72,12226.56,223,0.1,206,0.0205,162,24222.75,63,11477.52,245,14.716,214,0.0697,125,13136.52,182,-0.328,187,0.0246,143,14022.53,185,-0.226,183,0.0779,111,12122.4,235,17.175,228,0.041,146,14353.19,174,18.094,158,0.0779,114,North West,Cheshire East
E06000050,Cheshire West and Chester,13879.12,186,17.736,163,0.0856,98,0.1467,127,31296.82,105,13468.77,195,0.183,175,0.0586,114,66181,66,15023.88,166,0.122,142,0.0991,89,27078.17,54,14056.61,198,18.631,157,0.1126,93,16284.62,135,-0.033,134,0.1036,78,14593.17,173,-0.177,164,0.0991,84,14180.48,205,18.903,199,0.0405,147,13590.05,198,16.369,188,0.0405,180,North West,Cheshire West and Chester
E06000051,Shropshire,15695.07,154,17.604,166,0.0101,184,0.0533,189,27206.63,186,13799.14,188,0.168,193,0.0101,196,54933,81,14207.9,184,0.105,189,0.0101,193,20112.5,84,15583.55,170,18.115,165,0.0556,137,13774.21,171,-0.249,169,0.0051,176,10324.77,255,-0.546,255,0.0253,184,22309.75,69,29.613,37,0.3182,26,17924.84,92,24.898,75,0.1869,41,West Midlands,Shropshire
E06000052,Cornwall,19456.45,86,22.321,112,0.0327,141,0.1171,146,29429.71,144,18202.67,104,0.22,123,0.0238,156,126260,12,18933.05,93,0.136,110,0.0536,127,45925,8,18556.9,110,21.43,130,0.0565,136,16091.32,138,-0.068,138,0.0119,160,10100.16,259,-0.557,260,0.0179,205,24672.63,31,30.993,27,0.3244,23,21483.51,43,31.573,33,0.3185,16,South West,Cornwall
E06000053,Isles of Scilly,11924,221,12.65,240,0,193,0,282,11924,296,2610,296,0.06,296,0,206,137,296,609,296,0.031,296,0,209,42.75,296,5574,293,5.069,293,0,224,1,296,-3.1,296,0,178,1095,296,-1.481,295,0,238,26883,13,29.579,38,0,222,33466,1,68.618,1,1,1,South West,Isles of Scilly
E06000054,Wiltshire,11989.35,219,13.608,225,0.0065,189,0.0287,226,25105.87,229,11944.92,227,0.148,233,0.0033,204,75994,56,11938.77,228,0.093,227,0.0098,196,28562.08,47,14118.58,197,15.679,193,0.0228,184,11029.14,213,-0.484,212,0.0033,177,9766.38,263,-0.601,267,0.0163,212,18326.47,127,23.367,115,0.1661,68,13860.68,192,18.008,161,0.0977,87,South West,Wiltshire
E06000055,Bedford,16413.2,141,19.747,138,0.0427,131,0.1528,123,30589.04,115,16681.06,128,0.216,126,0.0769,96,40494,111,15492.61,158,0.119,156,0.0342,142,13780.33,121,17407,126,21.379,131,0.0855,111,17334.4,125,0.041,125,0.0427,114,15387.07,152,-0.11,152,0.0513,143,20554.67,93,25.128,91,0.1197,89,14117.64,182,17.997,162,0.0855,102,East of England,Bedford
E06000056,Central Bedfordshire,11409.7,230,13.102,232,0,193,0.0267,228,25196.55,226,12461.79,215,0.153,223,0,206,46133,99,10980.38,241,0.087,241,0,209,16177.5,106,15902.04,159,17.812,169,0.0286,170,10813.9,217,-0.486,213,0,178,12788.42,207,-0.343,209,0.0171,210,19481.54,105,23.458,114,0.08,116,10113.78,270,11.698,272,0.0171,233,East of England,Central Bedfordshire
E06000057,Northumberland,17154.36,128,21.963,115,0.11,86,0.2014,105,32003.41,73,15420.28,150,0.207,133,0.07,100,67136,63,17814.18,118,0.146,88,0.13,69,27775.08,50,16348.76,149,21.25,132,0.095,106,19723.14,90,0.278,83,0.16,53,15917.07,141,-0.096,145,0.12,75,15031.93,194,20.739,162,0.135,78,14063.42,186,18.361,150,0.12,76,North East,Northumberland
E06000058,"Bournemouth, Christchurch and Poole",14728.21,169,17.513,169,0.05,124,0.1039,151,29777.21,137,15830.3,141,0.198,150,0.0417,134,79565,50,16493.21,141,0.123,140,0.0542,124,30541.58,39,15329.09,174,17.686,171,0.0333,161,16203.71,136,-0.068,139,0.0417,115,17382.22,117,0.038,118,0.0833,102,14714.72,197,18.819,200,0,222,13809.08,195,16.053,197,0.0042,252,South West,"Bournemouth, Christchurch and Poole"
E06000059,Dorset,14451.08,174,16.268,180,0.0224,156,0.0404,210,26390.71,204,13553.96,193,0.164,199,0.0135,184,62901,70,14739.44,170,0.109,178,0.0224,158,23118.58,69,16470.01,146,18.354,162,0.0269,176,11888.38,204,-0.4,198,0.0135,156,10249.46,257,-0.539,252,0.0179,204,22955.3,56,28.471,48,0.2287,48,14069.07,185,18.214,154,0.0897,97,South West,Dorset
E06000060,Buckinghamshire,10315.59,250,11.921,250,0,193,0.0209,240,24636.59,237,10995.8,250,0.14,245,0.003,205,78394,53,9845.29,257,0.08,259,0,209,26993.75,55,11677.19,241,13.087,237,0.0329,163,6235.7,273,-1.05,280,0,178,10936.88,244,-0.52,248,0.003,237,22737.35,62,26.996,64,0.1737,64,11496.9,250,13.539,248,0.0359,191,South East,Buckinghamshire
E06000061,North Northamptonshire,15417.41,160,18.472,157,0.0439,127,0.1289,135,29819.72,136,16145.09,136,0.204,136,0.039,135,73958,57,15650.43,156,0.119,155,0.0537,126,26459.83,56,20031.99,88,26.372,83,0.1366,76,16916.43,130,0.001,130,0.0293,133,16317.04,132,-0.03,128,0.078,109,12935.27,221,17.681,219,0.0244,179,11884.3,242,14.01,239,0.0293,203,East Midlands,North Northamptonshire
E06000062,West Northamptonshire,13987.12,183,16.654,177,0.0211,158,0.102,153,29082.09,151,14088.13,185,0.181,178,0.0253,151,77301,55,12888.5,212,0.102,201,0.0211,160,27252.58,53,16863.74,140,20.33,140,0.0591,133,13221,180,-0.314,182,0.0253,140,15903.15,142,-0.083,139,0.0591,131,18850.85,118,23.166,120,0.0759,120,13316.8,208,16.415,187,0.0633,134,East Midlands,West Northamptonshire
E06000063,Cumberland,18871.62,98,23.807,95,0.1017,91,0.2327,87,31894.38,76,15143.32,158,0.2,144,0.0565,118,55005,80,18338.4,107,0.145,91,0.1073,83,24069.67,64,19879.6,89,26.704,81,0.1299,81,21668.2,67,0.434,61,0.2034,41,15231.2,155,-0.145,157,0.0847,101,18373.31,126,23.678,110,0.1299,84,17842.71,94,24.612,77,0.2034,37,North West,Cumberland
E06000064,Westmorland and Furness,14870.31,165,17.836,161,0.0634,112,0.0904,162,30499.01,118,10911.37,252,0.146,236,0.0352,143,33096,129,12617.9,216,0.106,187,0.0704,108,14243.83,118,14328.64,192,16.342,187,0.0423,151,12988.07,185,-0.297,178,0.1056,76,11016.85,242,-0.494,241,0.0423,152,19384,107,25.799,83,0.2254,49,22932.99,32,34.356,24,0.3592,14,North West,Westmorland and Furness
E06000065,North Yorkshire,13523.03,189,15.799,188,0.0264,148,0.0647,180,28429.79,165,11668,234,0.149,229,0.0132,186,92987,28,12081.51,225,0.097,218,0.029,151,35532.25,22,14121.34,196,16.586,182,0.0475,146,11914.91,203,-0.412,202,0.0317,127,9362.78,268,-0.662,272,0.0343,166,19198.92,112,25.159,90,0.2296,47,18437.62,83,26.225,63,0.2216,32,Yorkshire and The Humber,North Yorkshire
E06000066,Somerset,16776.04,134,19.137,143,0.0206,159,0.089,165,29008.44,153,14720.77,172,0.181,179,0.0147,181,104254,20,16058.59,150,0.118,158,0.0206,161,39473.17,13,18521.6,112,22.426,122,0.0708,122,13946.94,168,-0.239,167,0.0118,162,13546.84,192,-0.262,190,0.0619,126,22840.66,58,28.901,44,0.3038,29,16043.2,123,21.461,107,0.1268,70,South West,Somerset
E07000008,Cambridge,9840.08,255,11.471,257,0,193,0.0206,241,24135.24,244,10393.41,260,0.132,260,0,206,19539,215,8128.39,279,0.067,287,0,209,7205.83,212,9568.7,270,10.188,267,0.0128,209,9611.02,237,-0.774,258,0.0128,158,16683.83,126,-0.085,141,0.0128,225,10133.23,263,15.079,264,0,222,17630.54,97,22.128,97,0.0641,133,East of England,Cambridge
E07000009,East Cambridgeshire,10996.11,242,12.217,247,0,193,0.0021,278,21150.79,270,11490.88,239,0.137,249,0,206,12226,276,10234.25,254,0.081,255,0,209,4339.92,278,12715.91,224,13.277,235,0,224,8688.7,247,-0.672,244,0,178,10024.24,261,-0.54,253,0,238,22209.66,71,27.325,62,0.2353,42,13461.37,203,15.881,202,0,253,East of England,East Cambridgeshire
E07000010,Fenland,21985.08,42,26.1,66,0.0893,95,0.2073,101,30784.03,112,19599,76,0.238,107,0.0179,169,24438,173,21399.83,51,0.15,80,0.0536,127,9209.92,175,27232.08,1,41.526,4,0.25,29,22144.63,62,0.385,68,0.0357,121,17079.92,120,0.015,121,0.0179,205,24265.77,38,29.57,39,0.2143,55,11858.33,244,13.757,246,0.0179,229,East of England,Fenland
E07000011,Huntingdonshire,10441.25,249,11.804,252,0,193,0.006,269,22026.99,259,11637.1,235,0.142,241,0,206,26000,164,11245.93,235,0.087,242,0,209,9723,165,14343.09,191,15.528,199,0.027,174,8989.09,245,-0.662,243,0,178,11625.9,228,-0.428,223,0,238,18103.69,131,22.717,126,0.0901,107,8808.68,285,10.122,282,0.009,249,East of England,Huntingdonshire
E07000012,South Cambridgeshire,7928.12,281,9.338,283,0,193,0,282,17551.73,289,9377.85,277,0.118,279,0,206,19453,216,8083.55,280,0.071,280,0,209,6956.58,221,6884.08,288,6.547,287,0,224,4804.98,286,-1.099,283,0,178,8379.3,279,-0.682,275,0,238,23867.35,45,27.902,56,0.1313,83,10364.27,267,12.121,270,0.0101,244,East of England,South Cambridgeshire
E07000032,Amber Valley,15416.02,161,18.593,154,0.038,135,0.1228,139,30405.82,122,15076.36,160,0.191,160,0.0253,151,24216,174,17346.06,125,0.132,122,0.0633,116,10116,159,17193.49,129,21.755,128,0.1013,103,17805.02,115,0.076,113,0.0633,101,14747.17,166,-0.183,169,0.038,162,10394.85,259,15.393,258,0.0127,206,17987.64,90,21.477,105,0.038,186,East Midlands,Amber Valley
E07000033,Bolsover,21151.94,52,25.728,71,0.06,115,0.2223,94,31299.08,103,19730.57,73,0.246,94,0.02,165,20065,203,22327.62,38,0.165,53,0.08,103,8407.5,187,22869.04,34,31.369,43,0.2,42,26050.61,15,0.754,25,0.18,46,18381.26,106,0.113,106,0.08,106,15362.13,187,19.259,193,0,222,15002.23,150,16.915,180,0,253,East Midlands,Bolsover
E07000034,Chesterfield,19824.62,80,25.388,77,0.1159,78,0.2817,68,31778.3,86,18898.56,87,0.252,89,0.087,89,26202,163,21936.09,44,0.174,43,0.1739,45,11099.5,142,18379.91,116,23.369,113,0.0725,120,26760.68,12,0.898,13,0.3623,19,18403.43,105,0.086,113,0.087,97,8043.36,277,13.416,277,0,222,14167.6,181,16.616,184,0.029,204,East Midlands,Chesterfield
E07000035,Derbyshire Dales,12267.26,213,13.761,222,0.0233,155,0.0214,239,23485.22,248,9438.73,275,0.124,270,0.0233,160,8897,291,10664.14,247,0.088,238,0.0233,157,3638.17,286,10726.85,255,11.045,255,0.0233,182,10617.12,222,-0.504,216,0.0233,144,8187.55,281,-0.701,278,0,238,20437.56,96,25.207,89,0.1395,75,23083.17,30,32.879,28,0.2791,22,East Midlands,Derbyshire Dales
E07000036,Erewash,16252.29,144,20.726,127,0.0822,101,0.1855,109,31740.47,88,15762.29,144,0.208,132,0.0548,121,23451,179,17940.78,115,0.14,105,0.0959,93,9736.83,164,18713.34,107,25.137,94,0.1233,85,19777.63,88,0.244,87,0.0822,91,16023.73,139,-0.066,137,0.1096,80,7414.57,281,12.558,281,0,222,18300.84,85,23.066,88,0.0959,89,East Midlands,Erewash
E07000037,High Peak,14857.49,167,17.642,164,0.0508,121,0.098,156,29548.06,143,13085.69,202,0.169,192,0.0508,125,15322,257,15068.75,163,0.115,165,0.0508,130,6422.08,239,13735.39,208,15.99,190,0.0508,141,17234.85,126,0.034,127,0.0339,123,14610.68,172,-0.168,160,0.0339,168,19131.16,113,22.723,125,0.0339,164,19289.35,64,25.008,74,0.1525,57,East Midlands,High Peak
E07000038,North East Derbyshire,15478.53,158,18.689,153,0.0469,126,0.1298,134,30107.33,131,14859.79,168,0.193,157,0.0312,146,19973,204,17758.32,120,0.135,115,0.0625,117,8275.92,191,17206.12,128,22.135,124,0.0625,131,19663.76,92,0.233,88,0.0938,83,13446.38,195,-0.337,206,0,238,15131.23,192,19.087,195,0.0156,199,12301.53,236,13.582,247,0,253,East Midlands,North East Derbyshire
E07000039,South Derbyshire,12308.24,210,14.369,211,0.0161,175,0.0537,188,27111.72,188,13184.79,198,0.161,206,0,206,17869,233,13219.23,206,0.102,200,0.0161,179,7010.5,219,14171.9,195,16.437,185,0.0323,164,15496.22,150,-0.112,145,0.0323,125,13147.7,203,-0.296,197,0,238,14908.63,196,19.021,197,0.0161,195,11863.3,243,13.906,242,0.0323,197,East Midlands,South Derbyshire
E07000040,East Devon,13234.3,195,14.548,205,0,193,0.014,250,23889.57,246,12239.75,222,0.149,231,0,206,22945,182,13395.54,199,0.098,211,0,209,8344.75,189,13819.44,205,14.581,217,0.0114,215,11916.82,202,-0.419,204,0,178,6961.47,291,-0.892,291,0,238,23936.58,43,29.056,43,0.25,37,14574.79,164,19.087,138,0.0909,94,South West,East Devon
E07000041,Exeter,13807.01,187,15.946,185,0,193,0.063,182,27435.59,183,13359.03,196,0.165,198,0,206,22178,188,13250.27,205,0.1,207,0,209,9215.58,173,15793.74,164,18.696,155,0.0385,155,19756.66,89,0.227,90,0.0641,100,13489.67,194,-0.328,202,0.0385,161,10728.53,251,15.62,250,0,222,15012.68,149,18.26,151,0.0256,211,South West,Exeter
E07000042,Mid Devon,17272.33,126,18.984,150,0,193,0.0441,205,26211.59,211,14550.11,176,0.173,187,0,206,14458,260,14586.98,177,0.107,182,0,209,5199.67,265,17291.44,127,20.008,144,0.0455,147,14518.38,160,-0.189,160,0,178,8443.99,276,-0.727,281,0,238,26472.9,17,34.54,8,0.4091,12,18792.49,76,26.348,60,0.2273,31,South West,Mid Devon
E07000043,North Devon,18856.77,99,22.002,114,0.0508,121,0.1254,138,30392.95,123,16366.89,131,0.199,146,0.0339,145,19952,206,17339.52,126,0.128,127,0.0508,130,7446.25,203,19332.59,98,23.54,109,0.1017,101,15767.08,145,-0.07,140,0.0847,90,9341.92,269,-0.644,269,0.0339,168,26722.47,15,34.357,9,0.322,24,18482.94,81,27.269,49,0.2373,28,South West,North Devon
E07000044,South Hams,14013.15,181,15.115,199,0,193,0.0065,266,21909.2,260,12726.47,210,0.15,227,0,206,13459,267,13864.8,190,0.1,205,0,209,5083.17,269,10977.6,249,10.721,260,0,224,8276.97,255,-0.699,247,0,178,4936.31,294,-1.052,294,0,238,25939.33,25,32.55,16,0.3673,14,18758.97,78,27.003,52,0.2857,20,South West,South Hams
E07000045,Teignbridge,15446.44,159,17.18,172,0,193,0.0508,193,26856.76,193,14726.63,171,0.177,184,0,206,24059,176,16040.04,152,0.116,164,0,209,9031.58,177,15988.23,157,17.604,175,0.0116,214,15942.85,142,-0.082,143,0,178,8413.51,277,-0.733,282,0.0116,230,21523.78,81,26.68,71,0.1395,75,16190.87,119,21.42,108,0.1279,69,South West,Teignbridge
E07000046,Torridge,20911.35,54,23.865,94,0,193,0.1027,152,28846.98,160,17350.71,117,0.207,134,0,206,14189,261,19240.12,89,0.136,112,0.0526,129,5278.58,261,21548.37,57,25.877,86,0.0526,139,16461.58,134,-0.042,135,0,178,7435.82,288,-0.815,289,0,238,27542.67,9,38.61,4,0.4737,7,20603.48,53,31.082,35,0.3684,13,South West,Torridge
E07000047,West Devon,17675.39,117,19.096,146,0,193,0.0123,253,24159.14,243,14148.85,182,0.164,201,0,206,9497,289,15061.26,164,0.106,185,0,209,3494.08,289,17518.17,124,19.057,153,0,224,14071.54,166,-0.234,166,0,178,6418.74,293,-0.892,292,0,238,25327.02,27,33.72,12,0.5,6,21859.13,39,34.671,23,0.375,10,South West,West Devon
E07000061,Eastbourne,18944.08,96,23.904,93,0.1333,63,0.2178,96,31798.17,83,20245.05,61,0.264,73,0.1167,68,27011,156,22352.23,36,0.172,46,0.1333,66,10290.75,155,19341.91,95,24.765,98,0.1333,78,21364.21,70,0.372,69,0.1167,70,17719.85,115,0.096,112,0.0833,102,11213.1,241,15.797,245,0.0167,191,12738.99,222,15.323,218,0.0167,236,South East,Eastbourne
E07000062,Hastings,25467.53,3,37.255,7,0.3396,14,0.4812,20,33482.06,10,23294.64,22,0.329,29,0.2075,38,29787,139,25354.87,4,0.215,5,0.2642,24,12003,138,23962.3,15,34.209,25,0.1887,46,25089.48,26,0.726,28,0.2264,35,21867.56,44,0.427,41,0.1698,55,31247.38,1,40.67,2,0.6981,3,16848.92,108,22.003,99,0.1509,59,South East,Hastings
E07000063,Lewes,14661.52,170,16.774,175,0,193,0.0723,176,27591.54,181,15810.27,142,0.194,155,0.0161,176,19546,213,17244.24,127,0.125,135,0.0161,179,7145.58,214,15970.39,158,18.583,158,0.0161,199,14762.89,155,-0.192,161,0,178,12633.04,209,-0.373,211,0.0161,213,17412.24,147,21.337,151,0.0323,169,12005.63,239,14.804,228,0.0484,162,South East,Lewes
E07000064,Rother,19086.86,93,22.519,109,0.0517,120,0.1523,125,30458.89,119,15838.94,140,0.198,149,0.0517,124,18631,225,19411.56,84,0.144,95,0.069,110,7243.17,211,19264.03,100,23.408,112,0.069,126,18155.76,108,0.097,107,0.0345,122,13633.11,190,-0.267,192,0.0517,142,26318.13,20,33.47,13,0.4138,10,16415.37,116,20.332,120,0.0517,155,South East,Rother
E07000065,Wealden,11185.6,238,12.655,239,0,193,0.0244,233,23215.31,250,11562.92,237,0.141,242,0,206,22925,183,11534.05,231,0.09,235,0.0101,193,8282.42,190,13770.4,207,14.841,211,0.0303,166,8187.81,257,-0.748,254,0,178,8102.45,282,-0.723,279,0,238,22601.11,65,26.683,70,0.1414,74,12622.41,226,15.86,203,0.0606,139,South East,Wealden
E07000066,Basildon,17615.34,120,22.599,106,0.0804,102,0.2521,79,31244.65,107,17875.61,107,0.241,100,0.0714,99,45509,101,17987.59,113,0.142,100,0.0804,102,16407.67,103,21364.47,59,28.929,57,0.1161,90,17591.69,121,0.02,128,0.0446,112,19709.88,84,0.232,82,0.1696,56,19450.1,106,22.851,122,0.0089,211,9695.75,277,10.231,281,0,253,East of England,Basildon
E07000067,Braintree,15016,164,16.638,178,0,193,0.0338,221,25833.56,219,15032.76,163,0.179,182,0,206,28154,148,14610.4,176,0.107,184,0,209,10175,157,19253.42,101,22.132,125,0.0114,215,13274.99,179,-0.298,179,0,178,15562.18,148,-0.108,150,0.0114,232,20696.87,88,24.65,96,0.0909,105,13034.86,215,15.817,206,0.0682,125,East of England,Braintree
E07000068,Brentwood,9499.77,262,10.942,264,0,193,0.0076,264,22941.52,251,9981.55,266,0.127,267,0,206,9792,287,10393.89,252,0.083,251,0,209,3854.17,281,10411.37,260,10.378,262,0,224,7621.81,264,-0.866,267,0,178,14811.09,162,-0.192,172,0,238,16417.71,167,20.666,164,0,222,13539.75,200,14.919,223,0,253,East of England,Brentwood
E07000069,Castle Point,15200.88,162,17.64,165,0.0175,166,0.0868,166,28921.57,155,13998.44,186,0.174,185,0.0175,171,15566,255,15182.18,161,0.111,173,0.0175,171,5729.75,254,22088.67,45,28.005,65,0.1228,87,14724.46,156,-0.177,156,0,178,15501.72,150,-0.101,146,0.0702,118,20398.96,97,23.723,107,0.0175,189,13765.69,196,14.641,230,0,253,East of England,Castle Point
E07000070,Chelmsford,11282.76,233,13.122,230,0,193,0.0449,204,26617.32,201,11615.04,236,0.146,235,0,206,26759,158,11525.69,232,0.092,229,0,209,10304.75,154,12420.54,230,13.049,238,0.0088,219,9795.39,234,-0.593,230,0.0088,168,15990.25,140,-0.072,138,0.0708,117,16345.91,168,21.386,150,0.0973,104,12482.76,231,14.812,226,0.0531,148,East of England,Chelmsford
E07000071,Colchester,14827.59,168,17.339,171,0.0171,173,0.0864,167,29097.83,150,14961.94,165,0.186,168,0.0256,150,36157,125,14635.51,175,0.109,181,0.0171,176,13225.08,126,15507.42,171,18.019,166,0.0684,127,16877.97,131,0.002,129,0.0513,105,17760.64,114,0.099,109,0.094,89,18047.44,132,22.008,134,0.0342,161,12692.15,225,14.912,224,0.0256,211,East of England,Colchester
E07000072,Epping Forest,12591.81,205,14.101,215,0,193,0.0137,251,24174.84,242,13158.23,199,0.16,209,0,206,21566,193,12541.12,218,0.095,223,0,209,7772.67,197,16588.49,145,18.198,164,0,224,6661.27,269,-0.957,272,0,178,18717.47,98,0.12,102,0,238,14192.56,204,18.799,202,0.0385,150,18061.28,87,21.664,103,0.0513,156,East of England,Epping Forest
E07000073,Harlow,19106.71,92,21.659,116,0.0172,171,0.0979,157,27627.46,180,21404.13,45,0.265,71,0,206,25042,170,20141.42,71,0.145,94,0.0172,175,8573.92,185,22852.22,35,27.812,68,0,224,15837.32,144,-0.121,148,0,178,22952.2,26,0.463,32,0.1379,67,16560.97,163,20.411,171,0.0345,159,7971.37,290,8.328,291,0,253,East of England,Harlow
E07000074,Maldon,14651.01,171,15.976,184,0,193,0.0063,267,23797.84,247,13004.33,204,0.154,221,0,206,10380,283,13369.16,200,0.097,216,0,209,3843.58,282,20224.48,85,23.479,110,0,224,11180.2,211,-0.459,209,0,178,11971.6,219,-0.385,213,0,238,22695.69,63,28.074,54,0.2195,52,15646.81,131,19.723,127,0.0732,121,East of England,Maldon
E07000075,Rochford,9526.62,260,11.423,258,0.0189,163,0.0263,229,24522.98,238,10360.99,262,0.133,257,0.0189,168,11549,279,10561.31,248,0.085,246,0.0189,168,4353.08,277,15889.97,161,17.182,177,0.0189,192,9151.59,243,-0.623,236,0,178,11253.29,238,-0.43,225,0.0189,199,16626.39,159,20.557,167,0.0377,151,9854.99,273,11.187,276,0.0189,227,East of England,Rochford
E07000076,Tendring,23237.65,28,32.08,25,0.2022,36,0.3369,51,33363.62,15,19946.68,69,0.267,66,0.1236,63,40353,113,22898.23,28,0.19,27,0.2022,41,15938.33,108,26352.49,4,41.646,3,0.3483,7,24601.14,34,0.683,32,0.1798,47,18491.66,102,0.195,92,0.1461,65,27249.06,11,31.315,23,0.1573,70,15478.32,134,19.567,128,0.0674,129,East of England,Tendring
E07000077,Uttlesford,8667.39,269,9.968,274,0,193,0,282,15463.13,293,9289.93,278,0.116,281,0,206,10691,282,6976.08,291,0.065,291,0,209,3563.25,287,10466.17,259,10.107,268,0,224,2245.21,294,-1.477,293,0,178,11282.15,237,-0.433,228,0,238,21712.77,79,26.249,76,0.1837,60,15076.86,146,19.193,136,0.0816,107,East of England,Uttlesford
E07000078,Cheltenham,10306.3,251,12.961,234,0.026,150,0.0842,169,28722.68,162,11524.9,238,0.157,214,0.039,136,18706,224,11708.56,230,0.097,215,0.039,137,7252.17,210,10712.27,256,13.5,228,0.0519,140,11062.74,212,-0.534,221,0.026,139,16270.09,134,-0.063,136,0.0779,110,4076.13,292,9.831,291,0,222,13890.59,190,16.84,181,0.0519,153,South West,Cheltenham
E07000079,Cotswold,10928.22,244,12.052,249,0,193,0.0037,273,19248.68,283,9693.4,270,0.121,276,0,206,11003,281,8251.14,278,0.072,279,0,209,3763.92,284,10065,263,10.052,270,0,224,5223.39,282,-1.058,281,0,178,9330.31,270,-0.589,263,0,238,23240.71,50,28.762,47,0.3036,30,17203.52,107,25.766,67,0.25,27,South West,Cotswold
E07000080,Forest of Dean,17517.86,121,19.129,144,0,193,0.0499,195,26414.08,203,14920.27,167,0.182,177,0,206,15939,252,16613.75,137,0.12,147,0.02,165,6185.5,246,18437.17,113,20.837,136,0,224,12188.51,198,-0.374,193,0,178,12832.08,206,-0.337,205,0,238,26100.89,23,30.739,28,0.22,51,18846.16,73,26.665,56,0.26,25,South West,Forest of Dean
E07000081,Gloucester,16397.89,142,21.534,117,0.1098,88,0.2386,84,31837.84,79,16951.58,124,0.222,120,0.0244,154,29594,141,17121.41,129,0.133,117,0.061,119,11234.42,141,19878.62,90,27.987,66,0.2195,39,19663.38,93,0.254,86,0.0732,96,19223.91,92,0.23,83,0.1341,68,11755.89,237,16.458,237,0,222,11886.07,241,15.005,222,0.0488,161,South West,Gloucester
E07000082,Stroud,11250.16,234,12.629,242,0,193,0.0198,243,23283.34,249,10999.55,249,0.135,251,0,206,16576,247,11239.85,236,0.087,239,0,209,6369.25,240,11792.29,238,12.564,241,0.0278,172,9202.7,241,-0.633,238,0,178,11368.17,233,-0.439,230,0.0278,178,21951.19,75,25.449,86,0.0694,123,16174.69,121,20.007,123,0.0417,176,South West,Stroud
E07000083,Tewkesbury,9841.54,254,11.549,255,0.0179,165,0.0237,235,24485.37,239,12389.98,218,0.156,217,0.0179,169,15061,258,11192.65,237,0.088,237,0.0179,170,5050.42,271,11717.59,240,12.606,240,0.0179,195,9186.43,242,-0.66,242,0,178,10392.82,251,-0.529,249,0,238,15613.95,182,20.101,180,0.0357,156,9701.18,276,12.277,268,0.0536,147,South West,Tewkesbury
E07000084,Basingstoke and Deane,11220.01,237,12.953,235,0,193,0.0254,230,25174.41,227,11681.04,233,0.148,232,0,206,27705,152,10388.32,253,0.084,249,0,209,9937.58,161,13492.05,212,15.331,202,0.0261,179,11821.57,206,-0.434,206,0,178,14013.85,186,-0.254,189,0.0261,181,19962.5,102,23.968,104,0.087,111,8645.7,286,10.105,283,0.0174,232,South East,Basingstoke and Deane
E07000085,East Hampshire,8300.38,278,9.881,275,0,193,0.005,270,21485.43,266,9500.82,274,0.122,271,0,206,15489,256,8643.81,274,0.074,270,0,209,5552.58,257,10026.77,264,10.369,263,0.027,174,6338.21,272,-0.935,270,0,178,11415.05,232,-0.441,231,0,238,19043.94,115,23.255,118,0.1081,96,9198.27,279,11.572,273,0.0405,180,South East,East Hampshire
E07000086,Eastleigh,9327.1,263,10.996,263,0,193,0.0247,232,24283.04,241,11363.2,244,0.143,239,0,206,19818,210,10516.42,249,0.084,248,0,209,7100.67,216,11662.91,242,12.25,245,0.0122,212,10833.58,216,-0.503,214,0,178,14245.49,179,-0.231,184,0.0122,227,15253.54,190,19.083,196,0,222,8101.26,288,8.628,289,0,253,South East,Eastleigh
E07000087,Fareham,6244.64,291,8.067,290,0,193,0.0178,247,21321,268,8484.92,286,0.113,285,0,206,12897,271,8815.56,268,0.076,266,0,209,5116.25,267,10511.26,257,10.73,259,0.0137,207,7369.57,268,-0.799,264,0,178,10389.69,252,-0.51,247,0.0274,179,8887.04,274,14,274,0,222,7512.92,292,8.187,292,0,253,South East,Fareham
E07000088,Gosport,18904.9,97,23.45,101,0.0893,95,0.2273,89,31395.17,98,17271.3,119,0.223,118,0.0357,141,18302,228,18611.31,98,0.142,101,0.1071,84,7017.08,218,23066.86,26,31.421,41,0.1786,53,20372.56,81,0.285,81,0.0893,84,19948.11,76,0.251,77,0.1786,50,22788.07,59,26.011,79,0.0893,109,12374.08,233,13.839,243,0.0179,229,South East,Gosport
E07000089,Hart,4236.16,296,5.914,296,0,193,0,282,13527.99,295,6790.34,293,0.092,294,0,206,9264,290,4913.38,294,0.055,294,0,209,3306.58,291,7314.91,286,7.252,286,0,224,1314.28,295,-1.773,295,0,178,9135.82,272,-0.656,271,0,238,15182.84,191,19.446,190,0.0339,164,6412.45,295,7.232,295,0.0169,235,South East,Hart
E07000090,Havant,16449.59,139,21.459,119,0.1139,81,0.2336,85,31688.89,89,16985.26,122,0.228,114,0.0633,105,28479,147,18483.78,102,0.145,90,0.1392,64,10559,149,20682.66,74,29.754,51,0.2532,28,17465.03,123,0.055,119,0.0506,107,18508.28,101,0.145,99,0.1266,71,15590.65,184,19.426,191,0,222,8426.25,287,9.061,288,0,253,South East,Havant
E07000091,New Forest,11096.91,239,12.941,236,0.0175,166,0.0346,218,25952.98,217,11270.13,245,0.143,238,0.0088,199,25116,169,12791.17,214,0.098,212,0.0175,171,9548.92,169,13852.91,203,15.406,200,0.0175,196,10204.97,227,-0.558,225,0,178,13527.7,193,-0.265,191,0.0175,208,18512.79,123,22.806,123,0.0789,117,8971.35,282,10.857,278,0.0351,194,South East,New Forest
E07000092,Rushmoor,13183.28,197,15.157,198,0,193,0.0533,190,27008.74,190,15040.14,161,0.186,167,0.0167,173,18798,222,12244.22,222,0.094,224,0,209,6197.17,245,18274.16,118,21.882,126,0.0833,113,8236.15,256,-0.748,253,0,178,18419.39,104,0.116,104,0.05,145,18735.14,120,22.126,131,0.0167,191,12551.03,228,13.485,250,0,253,South East,Rushmoor
E07000093,Test Valley,10496.99,247,12.166,248,0,193,0.0321,224,25086.27,230,10309.71,264,0.134,255,0,206,17757,234,9777.25,259,0.081,254,0,209,6468.08,237,12034.89,234,13.368,232,0.037,157,9846.3,233,-0.609,233,0,178,12032.91,217,-0.405,220,0.0247,188,17936.22,135,23.131,121,0.1852,59,10863.16,261,14.191,236,0.0864,101,South East,Test Valley
E07000094,Winchester,8709.28,268,10.218,267,0,193,0.0119,254,21868.76,261,9501.63,273,0.122,274,0,206,15842,253,8742.33,270,0.074,272,0,209,5830.33,253,7997.06,282,8.892,279,0.0278,172,7696.22,263,-0.845,266,0,178,11338.9,235,-0.463,236,0.0139,221,17335.21,148,21.853,140,0.125,85,11455.28,252,14.817,225,0.0833,104,South East,Winchester
E07000095,Broxbourne,15812.06,152,17.8,162,0,193,0.0552,185,26137.86,213,17934.54,106,0.222,119,0,206,21969,190,16646.7,135,0.119,153,0,209,7257.92,209,20237.42,82,23.206,115,0.0172,198,10624.19,221,-0.54,222,0,178,16050.89,137,-0.088,143,0.0172,209,19849.95,103,23.296,117,0.0345,159,14348.75,175,15.784,207,0,253,East of England,Broxbourne
E07000096,Dacorum,12294.02,211,14.031,217,0,193,0.0336,222,25766.8,222,14319.92,178,0.18,181,0.0104,195,28089,149,13075.72,210,0.099,208,0.0104,192,9505.58,170,14716.81,183,17.069,178,0.0417,152,10651.03,220,-0.596,231,0,178,13338.4,198,-0.324,201,0.0208,194,15362.02,188,19.839,184,0.0312,173,11610.15,249,13.18,252,0.0208,223,East of England,Dacorum
E07000098,Hertsmere,12233.33,214,14.123,214,0.0159,176,0.0384,215,26279.34,207,14984.59,164,0.184,170,0.0159,178,19925,208,13938.06,187,0.103,193,0.0159,183,6804.17,229,12712.11,225,13.571,226,0,224,11869.08,205,-0.463,210,0,178,14704.66,168,-0.18,166,0.0159,217,14597.14,198,18.933,198,0.0159,197,14069.18,184,15.414,216,0,253,East of England,Hertsmere
E07000099,North Hertfordshire,9701.1,256,11.312,259,0,193,0.0198,244,24715.78,236,11860.67,230,0.15,226,0.0122,192,20117,202,11181.78,238,0.09,234,0,209,7292.92,205,11137.6,248,12.129,247,0,224,8610.99,249,-0.741,251,0,178,11033.42,241,-0.504,245,0,238,12264.17,233,17.009,233,0.061,129,12360.48,234,14.411,235,0.0244,216,East of England,North Hertfordshire
E07000102,Three Rivers,8474.95,275,9.978,273,0,193,0.0117,255,22570.61,255,10632.63,257,0.135,252,0,206,12667,273,9834.71,258,0.079,260,0,209,4535.5,274,9897.85,265,10.357,265,0,224,7506.01,267,-0.885,268,0,178,10542.27,248,-0.549,256,0.0182,202,14353.84,201,18.611,207,0.0364,154,11649.21,248,12.673,263,0,253,East of England,Three Rivers
E07000103,Watford,14446.32,175,16.254,181,0,193,0.0493,197,26543.74,202,17668.17,111,0.221,121,0.0345,144,22743,185,13682.58,194,0.101,204,0,209,6776.17,231,13894.76,201,14.905,209,0,224,12336.75,194,-0.411,201,0,178,15823.69,144,-0.087,142,0.0345,165,15997.33,174,19.825,185,0,222,17811.06,95,22.276,93,0.1207,75,East of England,Watford
E07000105,Ashford,16881.1,133,19.717,139,0.037,136,0.1192,145,29754,140,16338.9,132,0.205,135,0.037,137,27763,151,16301.91,147,0.12,146,0.0247,156,9752.17,163,18308.69,117,22.459,121,0.0741,119,13753.36,172,-0.247,168,0,178,17833.22,112,0.1,108,0.0988,85,24186.13,40,29.376,40,0.2469,39,12509.16,230,15.649,210,0.0617,135,South East,Ashford
E07000106,Canterbury,15870.85,149,19.219,142,0.0435,128,0.1584,120,30344.89,124,15348.37,152,0.196,152,0.0435,130,30976,137,16506.91,139,0.124,138,0.0652,114,12067.33,136,16344.46,151,20.233,141,0.087,110,14438.36,161,-0.189,159,0.0217,146,18428.28,103,0.166,97,0.1957,40,21509,82,25.925,81,0.1196,90,11937.24,240,13.926,241,0.0217,220,South East,Canterbury
E07000107,Dartford,15079.12,163,17.375,170,0.0149,177,0.0735,175,28463.07,164,14955.52,166,0.183,174,0.0149,179,21747,192,13687.17,193,0.104,191,0.0299,149,7756.17,198,14704.27,185,15.593,198,0,224,15159.99,154,-0.146,152,0,178,21346.72,52,0.352,55,0.0896,93,22352.29,67,26.206,77,0.1194,91,13910.45,188,15.505,212,0,253,South East,Dartford
E07000108,Dover,20097.95,78,24.869,81,0.1159,78,0.2245,93,31801.48,82,18408.6,95,0.238,106,0.058,115,27889,150,20760.95,59,0.158,67,0.1449,59,10840.33,146,20566.76,76,27.176,76,0.1594,62,17715.83,118,0.064,118,0.029,134,19496.54,87,0.261,75,0.1739,53,24911.73,29,30.291,34,0.2319,46,14536.77,166,17.479,169,0.029,204,South East,Dover
E07000109,Gravesham,19077.72,94,23.624,97,0.0923,93,0.2248,92,31525.89,93,18235.19,103,0.242,98,0.0615,108,25813,167,18568.43,100,0.142,99,0.0615,118,9207.58,176,21547.22,58,27.172,77,0.0615,132,17559.24,122,0.046,122,0.0154,154,23646.76,19,0.58,18,0.2154,31,20660.49,90,24.424,98,0.0769,118,14580.08,163,17.198,177,0.0154,238,South East,Gravesham
E07000110,Maidstone,15572.46,155,18.093,160,0.0303,143,0.0891,163,29168.78,148,14761.6,170,0.183,173,0.0101,196,33064,130,14730.95,171,0.11,175,0.0303,147,12116.58,132,17088.54,131,19.687,148,0.0404,153,12830.92,189,-0.335,189,0.0202,148,18160.18,109,0.098,110,0.0909,91,24224.01,39,29.134,42,0.1717,66,12613.3,227,15.306,219,0.0505,157,South East,Maidstone
E07000111,Sevenoaks,12546.49,206,14.37,210,0.0133,179,0.0467,200,26685.19,197,11075.51,248,0.14,244,0.0133,185,16950,243,10767.52,244,0.087,240,0.0133,186,6076.42,249,13880.31,202,16.146,188,0.0267,177,8179.13,258,-0.769,256,0,178,15395.5,151,-0.108,149,0.04,157,24083.21,41,28.85,45,0.24,41,14740.04,158,18.012,160,0.0667,130,South East,Sevenoaks
E07000112,Folkestone and Hythe,20407.28,66,25.193,79,0.0746,106,0.2282,88,31562.24,90,18409.2,94,0.235,109,0.0448,129,25946,165,21453.51,49,0.162,59,0.0746,104,10390.58,151,20876.49,68,27.324,74,0.1045,99,20468.29,80,0.263,85,0.0448,111,18912.42,93,0.197,91,0.0896,93,22312.29,68,28.372,50,0.2985,32,15387.41,138,19.01,140,0.0448,168,South East,Folkestone and Hythe
E07000113,Swale,20715.83,59,26.683,62,0.1444,59,0.2469,81,32826.8,40,18742.3,90,0.242,99,0.1,82,37376,120,20042.46,72,0.154,75,0.1444,61,14574.42,116,23684.13,18,35.732,19,0.2556,26,19120.49,97,0.183,97,0.0667,98,21943.03,43,0.416,43,0.1333,69,23192.25,52,28.78,46,0.2222,50,12760.23,221,15.698,209,0.0778,115,South East,Swale
E07000114,Thanet,22856.68,32,32.017,26,0.186,45,0.3675,39,33537.94,6,22021.06,39,0.305,38,0.1512,54,42839,105,24626.16,11,0.206,15,0.2209,38,16857.33,100,22618.43,39,31.48,39,0.1977,43,22226.14,60,0.449,59,0.1163,71,23775.91,16,0.678,9,0.3023,10,23011.51,54,26.863,67,0.1047,98,16655.52,112,20.357,119,0.0233,219,South East,Thanet
E07000115,Tonbridge and Malling,11244.09,235,13.023,233,0,193,0.0345,219,25797.69,221,12143.93,225,0.153,222,0,206,20441,200,11483.31,233,0.091,230,0,209,7267.83,208,13315.33,216,14.874,210,0.0128,209,9675.45,236,-0.617,234,0,178,15075.8,158,-0.161,159,0.0256,183,17605.95,142,21.936,136,0.0769,118,10997.78,259,12.752,262,0.0256,211,South East,Tonbridge and Malling
E07000116,Tunbridge Wells,12282.24,212,13.894,219,0,193,0.0254,231,24973.33,231,12153.47,224,0.151,225,0,206,17458,239,11937.86,229,0.091,231,0,209,6265,243,10340.02,261,11.335,253,0.029,169,10105.45,230,-0.577,229,0,178,14807,163,-0.183,168,0.029,175,19242.06,110,24.867,93,0.1739,63,16703.06,111,20.684,114,0.0725,122,South East,Tunbridge Wells
E07000117,Burnley,25410.62,4,38.681,3,0.4,7,0.5568,5,33409.88,14,23639.26,17,0.35,21,0.3167,12,33504,128,25035.55,7,0.208,12,0.2667,22,12117.92,131,24640.22,10,38.812,8,0.2833,17,27571.67,7,0.977,8,0.4,10,23735.69,17,0.654,11,0.3333,7,17273.24,150,21.167,156,0.0167,191,24771.18,22,41.291,10,0.4333,7,North West,Burnley
E07000118,Chorley,13355.99,190,16.381,179,0.0429,130,0.1217,141,29863.4,135,12645.01,212,0.168,195,0.0286,148,19834,209,14724.38,173,0.116,163,0.0714,106,8422.42,186,11846.05,237,13.365,233,0.0286,170,18817.36,101,0.17,99,0.0857,88,15322.8,154,-0.123,155,0.0571,134,12312.84,232,17.019,232,0.0143,202,15072.87,147,18.229,153,0.0429,174,North West,Chorley
E07000119,Fylde,13580.56,188,15.712,190,0.0392,134,0.0518,192,27271.88,184,13677.85,191,0.169,190,0.0196,166,13994,264,16213.79,149,0.119,150,0.0392,136,5690.42,256,13437.05,213,14.183,219,0,224,18137.57,109,0.086,110,0.0392,118,12019.58,218,-0.393,217,0.0196,195,13428.79,215,18.002,214,0.0196,184,15470.88,135,18.846,143,0.0784,113,North West,Fylde
E07000120,Hyndburn,24251.07,16,35.43,14,0.3208,15,0.5066,14,33167.18,26,22678.18,31,0.328,31,0.2642,24,27284,154,24176.46,14,0.2,19,0.2642,24,10126.67,158,21886.62,51,30.634,45,0.1887,46,26855.14,11,0.899,12,0.3962,11,23803.8,14,0.593,17,0.1887,44,16529.72,165,20.304,173,0,222,25877.62,17,41.599,7,0.434,6,North West,Hyndburn
E07000121,Lancaster,16770.21,135,22.408,111,0.1136,82,0.2092,99,32906.26,37,14719.61,173,0.202,140,0.0795,93,29202,143,15649.02,157,0.132,119,0.1477,58,12076,135,15691.74,165,20.867,135,0.0909,108,20113.77,84,0.298,80,0.2045,40,16803.08,125,0.016,120,0.1705,54,13258.31,217,18.168,211,0.0341,162,21049.06,50,29.383,39,0.2045,36,North West,Lancaster
E07000122,Pendle,24347.02,13,35.285,15,0.3509,13,0.4782,21,32822.83,42,22601.63,33,0.337,26,0.3158,13,32445,134,22517.28,34,0.181,39,0.2281,37,10368.08,152,23171.02,24,36.036,16,0.2982,12,22789.79,56,0.483,57,0.1579,54,19283.88,89,0.201,89,0.1053,82,24015.34,42,27.932,55,0.1228,87,27924.83,8,48.935,4,0.5439,4,North West,Pendle
E07000123,Preston,20849.23,57,28.762,50,0.1724,50,0.4139,32,32417.34,59,20335.84,59,0.279,54,0.1264,61,42319,106,20429.66,66,0.161,60,0.1149,79,15837.67,110,18780.61,106,26.373,82,0.1379,73,24830.6,29,0.759,24,0.3103,24,23084.66,25,0.594,16,0.3333,7,12625.32,228,17.136,229,0,222,18440.27,82,26.4,58,0.2184,33,North West,Preston
E07000124,Ribble Valley,8521.67,273,9.997,272,0,193,0.0012,280,19776.82,280,8159.37,289,0.106,290,0,206,6678,293,8941.27,267,0.075,269,0,209,2764.25,293,5916.03,290,5.686,292,0,224,8063.82,260,-0.738,250,0,178,8378.95,280,-0.725,280,0,238,14943.98,195,19.707,187,0.1026,99,19298.57,63,26.799,55,0.2051,35,North West,Ribble Valley
E07000125,Rossendale,20705.63,60,25.988,67,0.093,92,0.3027,65,31245.3,106,18246.79,102,0.238,104,0.093,85,16944,244,20237.13,69,0.156,72,0.1163,78,6788.17,230,15665.5,166,18.418,161,0.0233,182,22315.6,59,0.432,62,0.1395,62,19808.58,81,0.217,85,0.0698,120,23853.72,46,27.486,59,0.0465,138,24659.89,24,34.998,20,0.2326,30,North West,Rossendale
E07000126,South Ribble,11514.27,227,14.136,213,0.0286,147,0.0854,168,29159.23,149,12303.82,219,0.161,207,0.0429,132,17974,232,14175.46,185,0.11,177,0.0429,133,7437.25,204,11524.67,244,13.29,234,0.0571,135,16148.8,137,-0.063,137,0.0286,135,14085.85,182,-0.224,181,0.0857,100,6903.82,283,12.085,282,0,222,13335.4,207,15.504,213,0.0429,174,North West,South Ribble
E07000127,West Lancashire,14339.88,176,18.265,159,0.0548,117,0.155,122,31358.24,101,14240.54,179,0.195,154,0.0822,92,23237,181,16380.27,143,0.131,125,0.1233,72,9591.25,168,16167.17,152,20.835,137,0.1233,85,17642.89,120,0.076,114,0.0959,81,11699.84,227,-0.436,229,0.0411,154,14369.31,200,18.485,208,0,222,13888.44,191,16.08,195,0.0274,208,North West,West Lancashire
E07000128,Wyre,15841.7,150,20.864,125,0.1304,66,0.1474,126,33037.89,34,15435.74,149,0.204,137,0.1014,81,23374,180,18601.68,99,0.148,84,0.1449,59,9704.17,166,15097.93,178,19.139,151,0.1014,102,21509.31,69,0.425,64,0.1739,49,14157.73,180,-0.177,163,0.1159,78,11149.44,242,16.153,239,0,222,16174.71,120,20.03,122,0.087,100,North West,Wyre
E07000129,Blaby,9191.26,265,10.5,266,0,193,0,282,19006.11,284,11388.44,241,0.135,254,0,206,13990,265,11464.7,234,0.086,243,0,209,5404.5,260,14218.82,194,14.235,218,0,224,8782.62,246,-0.637,239,0,178,12618.92,210,-0.334,204,0,238,12482.4,229,17.581,221,0.0333,166,9843.76,274,10.674,279,0,253,East Midlands,Blaby
E07000130,Charnwood,11308.29,232,13.272,228,0.0196,161,0.0429,208,26747.64,195,12563.33,214,0.156,215,0.0196,166,28930,144,12005.54,227,0.094,225,0.0196,167,11082.42,143,13720.58,210,15.294,203,0.0196,189,12979.95,186,-0.325,184,0.0098,166,16259.12,135,-0.046,134,0.0392,160,10912.72,247,15.845,243,0,222,12479.41,232,14.158,237,0.0098,248,East Midlands,Charnwood
E07000131,Harborough,7859.43,283,9.224,284,0,193,0,282,16880.88,290,8680.39,283,0.111,287,0,206,11139,280,7780.43,282,0.069,282,0,209,4170.17,280,9278.02,272,9.046,278,0,224,6565.44,270,-0.887,269,0,178,9488.05,267,-0.59,264,0,238,18658.71,121,23.751,106,0.1154,95,10130.64,269,12.532,264,0.0385,184,East Midlands,Harborough
E07000132,Hinckley and Bosworth,12057.39,218,13.703,224,0,193,0.024,234,25118.02,228,12671.19,211,0.156,218,0,206,17737,235,13867.09,189,0.103,196,0,209,7027.42,217,14729.19,182,15.919,191,0,224,13302.71,178,-0.293,176,0,178,14257.59,178,-0.201,175,0.0147,219,14017.71,206,19.309,192,0.0882,110,11312.96,254,13.004,257,0.0147,240,East Midlands,Hinckley and Bosworth
E07000133,Melton,13123.92,198,14.866,202,0,193,0.0465,201,26657.18,199,12905.47,207,0.16,211,0,206,8345,292,12305.28,221,0.095,220,0,209,2954.25,292,13245.21,218,15.022,207,0.0667,129,10971.68,214,-0.475,211,0,178,12845.93,204,-0.316,200,0.0667,121,19220.41,111,26.114,78,0.2333,45,14757.44,157,18.683,144,0.0667,130,East Midlands,Melton
E07000134,North West Leicestershire,13269.84,194,15.307,194,0.0167,174,0.0487,199,27152.99,187,13096.41,201,0.16,208,0.0167,173,17242,242,13786.21,191,0.103,195,0.0167,177,6857.25,225,17005.43,134,20.072,143,0.05,142,14702.47,158,-0.184,157,0.0167,152,15136.51,156,-0.132,156,0.0333,171,17431.25,146,21.267,154,0.0333,166,12925.05,219,15.082,221,0.0167,236,East Midlands,North West Leicestershire
E07000135,Oadby and Wigston,11425.7,229,13.428,227,0,193,0.0463,202,26282.87,206,14111.12,183,0.173,188,0,206,10068,285,13272.1,204,0.102,199,0,209,3559.83,288,13957.4,200,15.052,206,0,224,12870.32,187,-0.33,188,0,178,14051.58,183,-0.222,180,0,238,11398.65,238,16.277,238,0,222,11412.94,253,12.785,261,0,253,East Midlands,Oadby and Wigston
E07000136,Boston,22656.79,36,28.459,51,0.1282,70,0.3182,60,31419.33,96,21532.94,44,0.279,55,0.1026,80,19728,212,21443.85,50,0.153,77,0,209,6549.17,236,26976.19,2,43.886,1,0.359,5,20000.22,85,0.215,94,0,178,15380.03,153,-0.102,148,0.0513,143,26816.94,14,31.646,20,0.2564,35,16507.77,115,20.799,112,0.0769,116,East Midlands,Boston
E07000137,East Lindsey,23262.04,27,30.392,36,0.1463,58,0.3341,52,32819.43,44,20217.35,63,0.262,76,0.0732,97,37845,119,23569.79,21,0.186,33,0.2317,36,15051.67,112,23430.53,20,33.402,28,0.1585,63,23931.39,42,0.596,44,0.2073,38,15068.69,159,-0.108,151,0.0732,116,23881.55,44,30.474,31,0.3415,21,18819.44,75,25.073,72,0.1341,66,East Midlands,East Lindsey
E07000138,Lincoln,21464.76,48,28.872,47,0.2,38,0.3416,50,33115.99,31,18522.1,93,0.251,91,0.1167,68,25811,168,18475.11,103,0.15,78,0.15,52,10584.83,148,23315.37,22,35.298,20,0.2833,17,24628.45,33,0.667,33,0.25,33,23392.99,21,0.553,21,0.3167,9,21849.87,77,24.996,92,0.0333,166,15409.64,137,20.313,121,0.1167,80,East Midlands,Lincoln
E07000139,North Kesteven,11620.74,226,13.168,229,0,193,0.0232,236,24894.96,233,12279.38,220,0.148,234,0,206,17621,237,13124.32,209,0.097,217,0,209,6903.83,223,14040.17,199,14.686,216,0,224,11811.51,207,-0.4,197,0,178,7667.3,286,-0.802,288,0,238,20682.43,89,25.419,87,0.1515,71,10014.22,272,12.212,269,0.0303,200,East Midlands,North Kesteven
E07000140,South Holland,18826.66,100,20.984,123,0.0196,161,0.0747,172,27480.99,182,17372.96,116,0.202,141,0,206,19541,214,17540.93,121,0.12,145,0,209,6866.92,224,24803.46,8,33.268,29,0.1373,74,15512.97,148,-0.122,149,0,178,13616.31,191,-0.246,186,0.0196,195,24493.97,35,31.012,26,0.3529,17,14277.71,179,16.358,190,0,253,East Midlands,South Holland
E07000141,South Kesteven,12928.87,201,15.161,196,0.0357,137,0.0495,196,27258.26,185,13912.6,187,0.173,186,0.0357,141,24950,171,14372.08,180,0.112,172,0.0357,141,9450,172,13838.17,204,15.618,197,0.0476,145,11661.63,208,-0.417,203,0.0119,160,11451.37,230,-0.468,238,0.0119,228,16563.53,162,22.095,132,0.1429,73,12957.35,218,16.513,186,0.0833,104,East Midlands,South Kesteven
E07000142,West Lindsey,17009.94,131,21.492,118,0.1132,83,0.1705,114,32091.93,68,15284.99,154,0.201,143,0.0566,117,19382,218,17966.44,114,0.141,103,0.1321,68,7967.08,194,15894.68,160,19.775,147,0.0943,107,15996.7,140,-0.049,136,0.0755,95,11805.85,225,-0.389,215,0.0943,88,26436.22,19,32.358,17,0.3585,15,14458.84,169,19.003,141,0.1321,68,East Midlands,West Lindsey
E07000143,Breckland,18092.91,112,20.374,129,0.0125,181,0.089,164,28654.3,163,15769.14,143,0.189,161,0.0125,189,27002,157,16049.78,151,0.115,168,0.0125,188,9602.42,167,22651.19,37,30.121,50,0.125,83,14087.87,165,-0.226,164,0,178,12121.05,215,-0.369,210,0.025,186,25540.78,26,32.716,14,0.4125,11,14565.32,165,18.245,152,0.025,214,East of England,Breckland
E07000144,Broadland,11003.96,240,12.222,246,0,193,0,282,20520.4,274,11388.36,242,0.135,253,0,206,17980,230,12309.94,220,0.09,233,0,209,6995.17,220,17174.91,130,17.848,168,0,224,9113.55,244,-0.606,232,0,178,8411.52,278,-0.684,276,0,238,19359.35,108,24.177,100,0.1059,97,10184.01,268,12.458,265,0.0353,193,East of England,Broadland
E07000145,Great Yarmouth,23697.24,25,34.228,18,0.25,25,0.3725,37,33591.91,5,21864.12,40,0.315,34,0.2333,31,31450,136,24323.93,13,0.207,13,0.25,29,12168.75,130,26709.87,3,42.796,2,0.2667,23,23031.39,52,0.539,51,0.2,42,19351.16,88,0.299,65,0.1667,58,20148.26,100,24.503,97,0.1333,80,18683.72,79,26.302,61,0.2333,29,East of England,Great Yarmouth
E07000146,King's Lynn and West Norfolk,20364.86,69,24.054,88,0.0543,118,0.1674,116,30524.85,116,16174.94,135,0.198,147,0.0217,163,30824,138,18514.15,101,0.132,118,0.0326,144,11919.67,139,24498.98,12,34.408,24,0.1413,71,20959.31,73,0.304,78,0.0652,99,12062.95,216,-0.403,219,0.0435,150,23657.49,47,31.121,25,0.4239,9,17713.72,96,23.715,81,0.1196,79,East of England,King's Lynn and West Norfolk
E07000147,North Norfolk,19348.27,89,21.114,121,0,193,0.0386,213,26007.57,216,16312.35,134,0.188,162,0,206,19405,217,18859.46,95,0.129,126,0.0161,179,7205.33,213,22937.11,32,27.548,71,0.0161,199,16030.03,139,-0.079,142,0,178,9637.89,265,-0.555,259,0.0161,213,24609.82,33,30.462,32,0.3548,16,21162.38,49,28.878,42,0.1774,47,East of England,North Norfolk
E07000148,Norwich,20585.2,64,26.262,65,0.1176,74,0.3126,62,31365.26,100,20047.52,66,0.272,62,0.1294,60,39365,115,19370.17,87,0.15,82,0.1294,70,14926.75,114,21820.6,53,32.947,31,0.2706,22,21778.15,66,0.394,66,0.1412,61,22357.53,37,0.441,38,0.1882,45,12477.93,230,17.034,230,0,222,15754.78,126,19.844,125,0.0941,91,East of England,Norwich
E07000149,South Norfolk,11946.35,220,13.115,231,0,193,0,282,21686.04,265,11861.94,229,0.14,243,0,206,20237,201,12716.25,215,0.093,226,0,209,7777.33,196,14514.5,187,14.919,208,0,224,8650.02,248,-0.639,240,0,178,8820.79,275,-0.664,273,0,238,21883.02,76,26.454,73,0.1932,58,14946.21,151,19.01,139,0.0795,111,East of England,South Norfolk
E07000170,Ashfield,20205.43,75,25.568,74,0.1169,76,0.2563,75,31947.98,74,19801.84,72,0.26,77,0.1169,67,33019,131,22344.75,37,0.173,44,0.1688,46,13494.25,124,22929.7,33,30.394,47,0.1558,66,23365.05,50,0.545,50,0.1818,45,19282.13,90,0.193,93,0.1039,83,8769.09,275,13.936,275,0,222,14456.82,170,17.626,166,0.0519,153,East Midlands,Ashfield
E07000171,Bassetlaw,18287.97,111,22.54,108,0.0725,108,0.1992,107,31412.55,97,16990.6,121,0.219,124,0.0435,130,26240,162,18894.66,94,0.143,98,0.087,97,10346.67,153,21264.01,60,29.752,52,0.2174,40,18785.68,102,0.154,101,0.087,86,16901.62,124,0.022,119,0.087,97,16691.63,158,21.5,149,0.087,111,14281.96,178,18.656,145,0.1014,85,East Midlands,Bassetlaw
E07000172,Broxtowe,11483.72,228,13.752,223,0,193,0.0637,181,27943.83,172,12906.7,206,0.165,197,0.0141,183,18494,227,14428.98,178,0.112,171,0.0563,122,7729.75,199,12690.08,226,13.963,223,0.0141,206,14648.88,159,-0.186,158,0,178,12782.83,208,-0.338,207,0.0282,177,3186.53,294,8.73,293,0,222,16773.8,110,19.361,131,0.0282,207,East Midlands,Broxtowe
E07000173,Gedling,12368.1,209,14.485,206,0.013,180,0.0501,194,26863.96,192,14482.29,177,0.181,180,0.013,188,21219,196,16609.85,138,0.123,141,0.039,137,8734.17,182,13774.52,206,15.159,205,0.013,208,14239.11,162,-0.221,163,0.013,157,12384.42,212,-0.373,212,0,238,4669.21,290,9.007,292,0,222,14834.87,153,17.377,171,0.026,210,East Midlands,Gedling
E07000174,Mansfield,20108.67,77,26.909,61,0.1324,64,0.3164,61,32483.79,57,19431.21,79,0.264,72,0.1176,66,29339,142,22252.18,41,0.18,40,0.1618,49,12408.75,129,22977.87,31,33.694,27,0.2353,33,24155.36,39,0.608,42,0.1618,52,19499.61,86,0.251,76,0.1912,41,7565.67,280,12.909,280,0.0147,201,13607.11,197,16.215,193,0.0294,202,East Midlands,Mansfield
E07000175,Newark and Sherwood,15815.79,151,19.056,147,0.0405,132,0.1399,128,30243.64,127,15280.5,155,0.198,148,0.0541,122,24749,172,17146.1,128,0.132,120,0.0676,111,9937.58,160,16947.64,137,21.24,133,0.1081,96,17662.13,119,0.068,116,0.0541,103,14116.12,181,-0.215,178,0.0541,138,16743.12,157,21.208,155,0.0676,125,13039.9,214,15.64,211,0.027,209,East Midlands,Newark and Sherwood
E07000176,Rushcliffe,6207.46,294,7.838,294,0,193,0.0026,276,18643.46,287,8062.1,290,0.109,288,0,206,13236,269,8670.47,273,0.076,267,0,209,5468.75,258,4251.09,294,4.402,294,0,224,5891.58,275,-0.997,274,0,178,7880.65,284,-0.773,285,0,238,10925.32,246,15.517,254,0.0435,145,13025.42,216,15.834,205,0.029,204,East Midlands,Rushcliffe
E07000177,Cherwell,10938.34,243,12.649,241,0,193,0.03,225,25502,224,11703.09,232,0.145,237,0,206,23956,177,9730.57,260,0.081,256,0,209,8351.92,188,16080.87,155,19.057,152,0.068,128,8403.81,252,-0.732,249,0,178,11425.64,231,-0.451,233,0.0097,235,19047.91,114,23.691,109,0.1359,77,10020.13,271,12.872,259,0.068,127,South East,Cherwell
E07000178,Oxford,12110.23,217,14.423,208,0.0238,154,0.076,170,28084.04,169,12270.79,221,0.16,210,0.0119,193,25879,166,9204.46,262,0.077,262,0,209,8912.75,178,16012.31,156,21.449,129,0.1429,70,9992.75,231,-0.697,246,0,178,16924.45,123,-0.027,126,0.0119,228,16603.71,160,20.299,174,0,222,15178.21,142,17.611,167,0.0119,242,South East,Oxford
E07000179,South Oxfordshire,7046.39,287,8.546,287,0,193,0,282,16751.01,291,8227.46,288,0.107,289,0,206,16167,251,6893.05,292,0.065,292,0,209,5892.17,252,10472.75,258,10.762,257,0,224,3914.37,288,-1.238,288,0,178,7641.15,287,-0.778,286,0,238,18220.45,129,22.795,124,0.086,114,11016.39,258,13.506,249,0.0215,221,South East,South Oxfordshire
E07000180,Vale of White Horse,8049.8,280,9.472,281,0,193,0.0062,268,17974.3,288,10554.21,259,0.129,265,0,206,18263,229,9145.8,263,0.076,268,0,209,6434.5,238,11960.63,235,12.434,242,0.0123,211,5073.05,284,-1.043,278,0,178,8070.3,283,-0.742,283,0.0123,226,18470.21,124,22.463,128,0.037,153,8095.72,289,9.48,286,0,253,South East,Vale of White Horse
E07000181,West Oxfordshire,8641.18,270,10.148,269,0,193,0.0068,265,19965.45,279,9680.73,271,0.122,273,0,206,14177,262,8558.04,275,0.074,275,0,209,5159.17,266,12738.76,223,13.524,227,0.0147,202,5593.93,279,-0.983,273,0,178,7740.49,285,-0.746,284,0,238,18890.4,117,23.525,113,0.1471,72,10917.89,260,13.77,245,0.0882,98,South East,West Oxfordshire
E07000192,Cannock Chase,16960.75,132,19.899,136,0.0328,140,0.1287,136,29281.38,146,17600.31,113,0.22,122,0.0164,175,22218,187,19033.47,91,0.141,102,0.082,101,8903.75,180,21605.3,56,27.531,72,0.1148,91,21627.71,68,0.363,73,0.0492,108,13916.03,188,-0.247,187,0,238,9440.06,269,14.672,269,0,222,10459.54,266,11.289,274,0,253,West Midlands,Cannock Chase
E07000193,East Staffordshire,15520.06,156,19.021,148,0.0556,116,0.1696,115,30162.44,128,15870.52,139,0.211,128,0.0556,119,26488,161,14998.36,167,0.115,166,0.0417,134,8905.67,179,17802.39,121,24.831,97,0.1944,44,17992.76,112,0.094,109,0.0694,97,12210.8,213,-0.432,227,0.0139,221,16010.3,173,20.61,165,0.0833,115,15330.44,139,19.203,135,0.0694,124,West Midlands,East Staffordshire
E07000194,Lichfield,10996.25,241,12.737,237,0,193,0.043,207,26217.88,210,11995.73,226,0.15,228,0,206,16191,250,13451.89,197,0.103,194,0.0161,179,6581.17,234,13125.96,219,14.713,215,0.0323,164,12659.29,191,-0.349,190,0,178,9750.32,264,-0.6,266,0,238,13947.48,207,18.674,205,0.0323,169,10757.19,264,11.932,271,0,253,West Midlands,Lichfield
E07000195,Newcastle-under-Lyme,16217.06,146,19.001,149,0.025,152,0.116,147,28914.93,156,15135.85,159,0.193,158,0.025,153,24104,175,17055.61,130,0.126,134,0.025,155,9824.08,162,16968.42,136,20.586,138,0.05,142,20832.1,76,0.319,76,0.0875,85,14568.21,175,-0.204,177,0.025,186,14207.58,203,18.794,203,0.0375,152,14786.42,154,17.377,172,0.0375,187,West Midlands,Newcastle-under-Lyme
E07000196,South Staffordshire,11890.68,222,13.527,226,0,193,0.0392,212,26024.87,215,12617.65,213,0.156,216,0,206,17348,241,13918.71,188,0.105,190,0.0294,150,6908.17,222,14575.66,186,15.665,196,0.0147,202,12861.29,188,-0.326,185,0,178,9577.45,266,-0.592,265,0,238,17067.22,152,21.329,152,0.0588,132,11743.2,247,13.482,251,0.0441,170,West Midlands,South Staffordshire
E07000197,Stafford,11750.56,225,13.901,218,0.0123,182,0.0719,177,27975.2,170,11901.8,228,0.154,220,0.0123,190,21339,195,13167.25,208,0.105,188,0.037,139,8722.5,183,12594.02,229,13.878,225,0.0247,180,14027.18,167,-0.229,165,0.0247,141,10461.43,249,-0.573,261,0.0247,188,15589.81,185,20.59,166,0.0864,113,12333.42,235,14.503,233,0.0247,215,West Midlands,Stafford
E07000198,Staffordshire Moorlands,12834.74,202,14.829,204,0,193,0.0522,191,26656.53,200,10578.91,258,0.14,246,0,206,13392,268,13296.46,203,0.102,198,0,209,5694.58,255,15063.11,179,16.664,180,0.0339,159,13133.51,183,-0.295,177,0,178,10403.67,250,-0.543,254,0,238,15859.23,177,21.127,158,0.1186,92,19226.25,65,25.72,68,0.1695,52,West Midlands,Staffordshire Moorlands
E07000199,Tamworth,16417.46,140,20.233,134,0.1176,74,0.1672,117,31142.75,108,17398.7,115,0.226,115,0.098,83,17979,231,17845.95,117,0.136,114,0.1176,76,6661.25,233,22084.87,46,29.162,56,0.1569,65,19111.83,98,0.171,98,0.0784,93,14337.5,176,-0.226,182,0.0196,195,12761.51,225,17.225,227,0,222,10854.22,262,12.373,267,0.0196,225,West Midlands,Tamworth
E07000200,Babergh,13985.49,184,15.388,193,0,193,0.0217,237,24956.62,232,12761.31,209,0.155,219,0,206,14575,259,12556.92,217,0.095,221,0,209,5095.08,268,16596.6,144,18.677,156,0.0545,138,9278.1,240,-0.624,237,0,178,10203.73,258,-0.531,250,0,238,24759.36,30,30.007,36,0.2545,36,16310.21,117,20.758,113,0.0545,145,East of England,Babergh
E07000202,Ipswich,19600.75,84,25.457,76,0.1294,69,0.3085,63,31788.33,85,19954.29,68,0.267,65,0.1059,78,37225,121,19895.64,75,0.154,76,0.1294,70,13405.83,125,23138.83,25,34.632,22,0.3059,11,20918.17,74,0.314,77,0.0471,110,19944.98,77,0.245,79,0.1176,77,13483.84,214,17.837,217,0.0118,208,15580.96,132,19.328,132,0.0824,106,East of England,Ipswich
E07000203,Mid Suffolk,13278.81,191,14.429,207,0.0175,166,0.0205,242,21434.16,267,10970.98,251,0.133,256,0,206,14025,263,10797.29,243,0.085,247,0.0175,171,5262.33,263,15225.99,175,15.68,192,0.0175,196,9781.05,235,-0.548,224,0.0175,150,7383,290,-0.791,287,0,238,26439.13,18,32.694,15,0.4035,13,17475.46,101,22.331,91,0.0526,150,East of England,Mid Suffolk
E07000207,Elmbridge,6241.47,292,8.047,291,0,193,0.0114,256,21830.12,262,8857.33,281,0.118,280,0,206,16462,249,7319.83,288,0.066,288,0,209,5464.92,259,5732.12,291,6.224,290,0,224,3813.76,289,-1.474,292,0,178,12838.61,205,-0.329,203,0,238,10683.08,253,15.535,253,0,222,14770.75,156,16.065,196,0,253,South East,Elmbridge
E07000208,Epsom and Ewell,6217.99,293,7.975,293,0,193,0.0154,248,22607.42,254,9096.97,280,0.118,278,0,206,9554,288,7591.94,284,0.07,281,0,209,3401.33,290,7643.83,283,7.866,283,0,224,4991.47,285,-1.139,284,0,178,13348.89,197,-0.288,195,0.0652,123,6195.46,287,11.739,286,0,222,13466.57,202,14.498,234,0,253,South East,Epsom and Ewell
E07000209,Guildford,7826.94,284,9.468,282,0,193,0.0079,263,22457.74,257,8668.8,284,0.113,283,0,206,16556,248,7288.21,289,0.065,289,0,209,6183.25,247,8633.66,278,9.926,271,0.0119,213,6559.3,271,-1.033,277,0,178,11896.74,223,-0.429,224,0.0238,190,15806.1,179,20.251,177,0.0595,131,13004.43,217,14.806,227,0.0238,218,South East,Guildford
E07000210,Mole Valley,8300.63,277,9.77,278,0,193,0.0129,252,20179.14,277,8773.04,282,0.113,286,0,206,9845,286,8726.01,271,0.074,274,0,209,3757.33,285,8866.95,275,9.302,275,0.0185,193,5871.82,276,-1.015,276,0,178,11005.21,243,-0.507,246,0,238,17306.82,149,21.88,138,0.0741,122,14370.93,173,17.02,178,0.037,190,South East,Mole Valley
E07000211,Reigate and Banstead,8500.47,274,10.14,270,0,193,0.0108,257,22827.82,252,10359.65,263,0.13,264,0,206,19972,205,9005.39,266,0.076,264,0,209,7141.17,215,10862.78,252,11.448,251,0,224,8174.46,259,-0.752,255,0,178,13279.05,199,-0.29,196,0.0222,192,13585.09,212,18.06,212,0,222,12541.12,229,13.817,244,0,253,South East,Reigate and Banstead
E07000212,Runnymede,10877.1,245,12.394,244,0,193,0.015,249,24110.8,245,11257.37,246,0.139,247,0,206,12381,274,9634.3,261,0.077,263,0,209,4416,275,12652.67,227,13.496,229,0.0192,191,9459.72,238,-0.678,245,0,178,16559.77,128,-0.036,131,0.0192,198,18529.62,122,21.978,135,0.0192,185,16571.13,114,18.642,146,0.0192,226,South East,Runnymede
E07000213,Spelthorne,13185.89,196,14.861,203,0,193,0.0349,217,25803.28,220,14095.93,184,0.169,191,0,206,17441,240,13329.13,201,0.098,213,0,209,6308.83,242,15842.27,163,17.659,172,0,224,10724.47,218,-0.504,215,0,178,18216.22,108,0.098,111,0.0328,172,17995.24,134,21.56,147,0.0164,194,16843.7,109,18.634,147,0,253,South East,Spelthorne
E07000214,Surrey Heath,6353.43,290,8.037,292,0,193,0.0028,275,20926.18,271,8484.75,287,0.114,282,0,206,10339,284,7641.15,283,0.069,283,0,209,3812.17,283,9733.06,269,10.335,266,0.0182,194,3269.57,292,-1.452,291,0,178,11049.58,240,-0.503,243,0,238,13216.5,219,17.606,220,0.0364,154,9693.94,278,10.302,280,0,253,South East,Surrey Heath
E07000215,Tandridge,11232.29,236,12.532,243,0,193,0.0024,277,22188.44,258,10891.21,253,0.132,261,0,206,11685,278,10765.76,245,0.082,253,0,209,4239.58,279,13260.25,217,14.039,222,0.0196,189,8319.8,254,-0.78,259,0,178,15103.44,157,-0.148,158,0,238,20699.35,87,25.929,80,0.2157,54,14654.82,161,16.275,192,0,253,South East,Tandridge
E07000216,Waverley,6584.4,289,8.128,288,0,193,0,282,18653.16,286,7957.88,292,0.105,292,0,206,13647,266,7417.12,285,0.068,285,0,209,5053.42,270,7412.41,285,7.559,284,0,224,5116.36,283,-1.145,285,0,178,9029.27,274,-0.688,277,0,238,16600.04,161,20.949,160,0.0488,136,11289.14,255,12.928,258,0.0122,241,South East,Waverley
E07000217,Woking,9658.72,258,11.508,256,0,193,0.0181,246,24736.81,235,11708.62,231,0.152,224,0.0161,176,15780,254,9868.95,256,0.081,257,0,209,5215.92,264,9756.92,267,10.737,258,0,224,10375.46,226,-0.547,223,0,178,14752.19,165,-0.192,173,0.0161,213,15703.63,181,19.909,182,0.0161,195,12209.54,237,13.163,253,0,253,South East,Woking
E07000218,North Warwickshire,17450.49,122,20.081,135,0.0263,149,0.0926,160,29240.76,147,15485.73,148,0.187,166,0.0263,149,12309,275,16237.64,148,0.118,157,0.0263,152,4733.75,273,22313.14,42,28.858,58,0.1316,80,17799.57,116,0.07,115,0.0263,137,14570.21,174,-0.18,167,0.0263,180,20559.68,92,24.862,94,0.1316,81,19634.36,60,23.677,82,0.0526,150,West Midlands,North Warwickshire
E07000219,Nuneaton and Bedworth,19393.16,88,23.971,91,0.0833,99,0.208,100,31472.8,94,19006.01,85,0.241,101,0.0595,112,32638,133,19843.41,77,0.15,79,0.0714,106,12471,128,22452.87,41,31.847,38,0.1786,53,22795.45,55,0.46,58,0.0952,82,19527.09,85,0.19,94,0.0833,102,13006.22,220,17.365,225,0,222,14587.29,162,17.36,174,0.0357,192,West Midlands,Nuneaton and Bedworth
E07000220,Rugby,12170.81,216,14.059,216,0,193,0.0375,216,26070.32,214,13110.65,200,0.162,205,0,206,18858,221,12372.34,219,0.096,219,0,209,6810.17,228,15356.77,173,17.613,174,0.0149,201,14224.98,163,-0.213,162,0.0149,155,13162.06,202,-0.305,199,0.0149,218,13906.3,209,18.814,201,0.0448,142,13446.7,204,15.909,200,0.0299,201,West Midlands,Rugby
E07000221,Stratford-on-Avon,10620.9,246,11.767,253,0,193,0,282,19475.25,282,11369.3,243,0.138,248,0,206,19009,220,10462.25,251,0.083,252,0,209,6664,232,9839.79,266,9.467,274,0,224,8379.55,253,-0.718,248,0,178,10383.12,253,-0.503,244,0,238,20036.18,101,24.709,95,0.1169,93,15167.82,144,19.494,130,0.0649,132,West Midlands,Stratford-on-Avon
E07000222,Warwick,9291.22,264,10.799,265,0.0114,183,0.0096,259,22564,256,10372.07,261,0.131,262,0,206,19734,211,9888.58,255,0.08,258,0.0114,190,7705.5,200,9394.77,271,10.492,261,0.0227,185,10953.84,215,-0.512,217,0,178,12500.22,211,-0.388,214,0.0227,191,9957.01,264,15.383,259,0.0341,162,14267.76,180,17.579,168,0.0682,125,West Midlands,Warwick
E07000223,Adur,13273.81,192,14.99,200,0,193,0.0329,223,25569.67,223,15265.28,156,0.184,169,0,206,11910,277,16372.75,144,0.117,160,0,209,4381.08,276,18571.62,109,22.47,120,0.0238,181,12581.19,192,-0.374,194,0,178,13982.98,187,-0.245,185,0,238,7906.82,278,13.384,278,0,222,13584.55,199,14.642,229,0,253,South East,Adur
E07000224,Arun,16592,137,19.416,141,0.0505,123,0.1151,148,30303.55,125,15583.24,147,0.191,159,0.0303,147,31751,135,16863,132,0.121,144,0.0303,147,11386.5,140,20457.95,78,25.451,89,0.0707,123,17943.32,113,0.068,117,0.0202,148,14707.92,167,-0.168,161,0.0404,156,24547.31,34,28.457,49,0.1616,69,10689.43,265,12.426,266,0.0101,244,South East,Arun
E07000225,Chichester,14286.9,177,15.599,191,0,193,0.0192,245,24305.46,240,13587.38,192,0.163,202,0,206,20497,199,12837.47,213,0.095,222,0,209,6857.17,226,15849.16,162,17.756,170,0.0267,177,12296.74,196,-0.38,195,0,178,11144.91,239,-0.46,235,0,238,22998.43,55,28.258,52,0.2667,33,14772.22,155,19.275,133,0.1733,49,South East,Chichester
E07000226,Crawley,18486.19,109,20.786,126,0.0149,177,0.0751,171,26724.11,196,20077.96,64,0.249,92,0.0149,179,29742,140,17435.51,122,0.123,139,0.0149,184,9465.75,171,21936.38,49,27.475,73,0.0299,167,15315.04,152,-0.174,155,0,178,19846.27,79,0.198,90,0.0448,148,22899.02,57,26.833,68,0.0746,121,8966.99,283,9.528,285,0,253,South East,Crawley
E07000227,Horsham,8178.03,279,9.611,279,0,193,9e-4,281,19555.42,281,9557.05,272,0.12,277,0,206,17721,236,8366.39,277,0.073,277,0,209,6330.42,241,9734.1,268,9.59,273,0,224,5800.67,277,-1.001,275,0,178,9306.03,271,-0.646,270,0.0112,233,19036.88,116,23.341,116,0.0674,126,11832.12,245,14.117,238,0.0337,195,South East,Horsham
E07000228,Mid Sussex,7111.69,286,8.658,286,0,193,0.0035,274,20112.35,278,9421.82,276,0.121,275,0,206,18745,223,7409.31,286,0.068,284,0,209,6225.08,244,8864.59,276,9.056,277,0,224,5638.82,278,-1.043,279,0,178,9132.84,273,-0.667,274,0,238,17214.2,151,21.651,144,0.0652,128,9173.45,280,10.935,277,0.0435,172,South East,Mid Sussex
E07000229,Worthing,13978.12,185,15.928,186,0,193,0.054,187,26955.9,191,15306.77,153,0.187,164,0.0147,182,20938,197,16369.46,145,0.119,152,0.0147,185,8036.08,192,15010.4,180,16.006,189,0.0147,202,16819.54,132,-0.023,133,0,178,15618.86,147,-0.117,154,0.0147,219,10857.15,250,15.742,246,0,222,15168.69,143,17.798,163,0,253,South East,Worthing
E07000234,Bromsgrove,9144.95,266,11.003,262,0,193,0.034,220,25948.97,218,9710.72,268,0.128,266,0,206,12825,272,11058.72,240,0.091,232,0.0167,177,5275.83,262,10893.62,251,12.188,246,0.0333,161,9352.78,239,-0.653,241,0.0167,152,11539.78,229,-0.442,232,0.0167,211,10863.54,249,15.411,256,0,222,13163.36,211,15.431,215,0.05,158,West Midlands,Bromsgrove
E07000235,Malvern Hills,14121.13,179,16.051,183,0.0222,157,0.0566,184,27645.44,179,13078.45,203,0.162,204,0.0222,162,13141,270,14065.7,186,0.107,183,0.0222,159,4890.67,272,11869.33,236,13.41,231,0.0222,186,10423.9,224,-0.522,218,0.0222,145,10587.62,247,-0.492,240,0.0444,149,21021.61,84,26.987,65,0.2444,40,18861.12,72,25.809,66,0.1778,46,West Midlands,Malvern Hills
E07000236,Redditch,15935.76,148,20.306,132,0.0702,110,0.2197,95,30935.82,111,17112.92,120,0.229,112,0.0526,123,19949,207,17415.97,123,0.136,109,0.1053,85,7283,206,20994.49,62,30.184,49,0.2456,31,17397.29,124,0.044,123,0.0526,104,14978.12,161,-0.192,171,0.0702,118,12893.08,224,17.463,224,0.0175,189,9723.17,275,11.239,275,0.0175,231,West Midlands,Redditch
E07000237,Worcester,14860.8,166,19.112,145,0.125,71,0.1751,111,31444.89,95,15750.66,145,0.21,130,0.125,62,21861,191,15057.35,165,0.119,151,0.1094,82,7930.42,195,16105.57,154,21.809,127,0.1719,57,15869.71,143,-0.075,141,0.0312,128,16253.05,136,-0.037,132,0.1875,46,18754.41,119,22.053,133,0.0156,199,13283.11,209,16.333,191,0.0469,165,West Midlands,Worcester
E07000238,Wychavon,14172.04,178,15.828,187,0,193,0.0394,211,26182.1,212,13731.01,190,0.167,196,0,206,22393,186,13712.08,192,0.102,202,0.0123,189,7988.5,193,16801.48,141,19.93,145,0.037,157,12329.81,195,-0.363,192,0,178,11825.12,224,-0.405,221,0.037,163,21354.14,83,26.401,74,0.2346,43,13072.05,212,16.368,189,0.0617,135,West Midlands,Wychavon
E07000239,Wyre Forest,17663.93,118,22.053,113,0.0746,106,0.2018,104,31349.28,102,16960.67,123,0.224,117,0.0597,111,22869,184,18680,96,0.145,93,0.1194,74,8577,184,20808.53,70,28.21,62,0.1493,69,17783.97,117,0.077,112,0.0299,131,16038.05,138,-0.049,135,0.0746,113,15487.56,186,20.155,178,0.0597,130,16582.74,113,20.825,111,0.0746,118,West Midlands,Wyre Forest
E07000240,St Albans,6600.09,288,8.102,289,0,193,0.0015,279,21755.11,264,9696.33,269,0.125,269,0,206,18501,226,8716.14,272,0.074,271,0,209,6552.17,235,5622.31,292,5.725,291,0,224,5997.87,274,-1.098,282,0,178,10077.27,260,-0.63,268,0,238,6407.88,285,10.835,288,0,222,13061.44,213,15.124,220,0.0455,166,East of England,St Albans
E07000241,Welwyn Hatfield,12370.86,208,13.866,220,0,193,0.0215,238,24765.71,234,15166.25,157,0.184,172,0,206,22067,189,13406.19,198,0.099,210,0,209,7676.33,201,14347.85,190,15.225,204,0,224,12771.97,190,-0.42,205,0,178,14995.36,160,-0.176,162,0.029,175,14498.94,199,18.615,206,0,222,9170.46,281,10.003,284,0,253,East of England,Welwyn Hatfield
E07000242,East Hertfordshire,8372.79,276,9.831,277,0,193,0.0038,272,20331.06,276,10208.6,265,0.127,268,0,206,19185,219,8545.17,276,0.074,273,0,209,6838.75,227,10168.15,262,10.364,264,0.0111,217,4483.18,287,-1.176,287,0,178,10298.54,256,-0.536,251,0.0222,192,15930.35,175,21.165,157,0.1,100,13844.36,194,16.612,185,0.0444,169,East of England,East Hertfordshire
E07000243,Stevenage,17284.52,125,18.919,151,0,193,0.0278,227,25460.92,225,19145.98,83,0.229,113,0,206,20502,198,18458.29,105,0.128,129,0,209,7276.83,207,20819.29,69,23.919,106,0,224,18465.88,105,0.094,108,0.037,120,18735.52,97,0.115,105,0.0185,201,16081.25,171,19.737,186,0,222,8834.6,284,9.441,287,0,253,East of England,Stevenage
E07000244,East Suffolk,16526.68,138,20.316,131,0.0759,105,0.1275,137,31526.23,92,15039.13,162,0.195,153,0.069,101,48205,93,16707.85,133,0.134,116,0.1034,87,18619.17,91,19836.43,91,25.176,93,0.1172,89,16521.3,133,-0.013,132,0.0552,102,11352.98,234,-0.454,234,0.0552,137,20329.79,99,25.682,84,0.1724,65,14726.8,159,19.231,134,0.1241,72,East of England,East Suffolk
E07000245,West Suffolk,14559.15,172,16.165,182,0,193,0.0462,203,26683.31,198,12861.7,208,0.158,213,0,206,28684,145,12013.98,226,0.092,228,0,209,10267.67,156,19486.42,93,23.726,107,0.0654,130,12014.25,199,-0.398,196,0.0093,167,13220.37,200,-0.342,208,0.0187,200,22112.79,73,27.611,58,0.2336,44,13858.1,193,16.672,183,0.0187,228,East of England,West Suffolk
E08000001,Bolton,21894.64,43,31.41,30,0.2599,23,0.4384,24,33020.61,36,21834.12,41,0.329,30,0.2486,28,98215,25,22562.97,32,0.187,31,0.2429,31,33844.83,29,20227.76,83,27.801,69,0.1582,64,22893.12,53,0.521,53,0.1638,51,23883.48,13,0.615,15,0.2655,18,16227.51,170,20.279,175,0,222,20358.82,57,27.018,51,0.1525,57,North West,Bolton
E08000002,Bury,18496.3,107,24.008,90,0.1083,90,0.2591,72,32142.55,65,18398.95,96,0.252,88,0.1083,75,49050,92,19888.06,76,0.156,71,0.1167,77,18506.42,92,16643.72,143,20.519,139,0.05,142,20917.73,75,0.343,74,0.1,80,20692.99,65,0.33,60,0.15,62,11055.88,243,15.731,247,0,222,20794.24,51,26.98,53,0.1167,80,North West,Bury
E08000003,Manchester,25957.3,2,38.677,4,0.4068,5,0.5877,1,33273.23,22,23950.32,14,0.372,10,0.3797,6,210631,2,21808.56,46,0.187,32,0.3254,12,73062.25,3,20970.27,63,28.046,64,0.1051,98,28523.52,4,1.087,5,0.4644,6,27356.79,1,0.9,3,0.3898,3,24628.47,32,30.586,29,0.3119,28,21330.29,46,28.116,46,0.1356,63,North West,Manchester
E08000004,Oldham,24286.25,15,36.83,11,0.3732,10,0.5397,7,33454.44,11,23306.95,21,0.365,13,0.331,10,89111,32,23857.35,17,0.203,16,0.2746,19,29733.25,42,23481.49,19,36.58,14,0.2817,20,24397.52,37,0.65,35,0.2324,34,24870.89,7,0.694,8,0.2746,15,19262.13,109,23.989,102,0.0986,103,23707.95,27,32.763,29,0.1901,40,North West,Oldham
E08000005,Rochdale,23877.78,19,34.331,17,0.3111,17,0.4752,22,33124.08,29,23031.36,25,0.346,22,0.3037,15,78469,52,24124.18,15,0.203,17,0.2889,17,27962.42,49,22622.9,38,32.219,36,0.2222,38,25606.56,20,0.777,23,0.2593,29,25537.44,6,0.724,6,0.237,23,17777.39,139,21.861,139,0.0222,182,18826.77,74,23.51,86,0.0963,88,North West,Rochdale
E08000006,Salford,22764.19,34,32.345,24,0.2547,24,0.4315,26,33303.12,20,21225.71,47,0.312,35,0.2174,35,86987,33,20541.83,64,0.172,45,0.236,35,32005.42,34,21745.66,54,31.004,44,0.1863,48,25815.98,18,0.848,16,0.3913,13,24778.4,8,0.659,10,0.236,24,17543.61,144,21.55,148,0.0248,178,20581.14,55,25.454,71,0.0497,159,North West,Salford
E08000007,Stockport,13988.18,182,18.404,158,0.0785,104,0.1618,118,31806.05,81,13754.19,189,0.188,163,0.0628,107,55827,78,15982.36,154,0.131,124,0.089,95,23459.92,67,12765.12,222,16.533,183,0.0838,112,17996.39,111,0.137,103,0.1152,73,17790.23,113,0.077,114,0.0733,115,4458.83,291,10.093,290,0,222,18642.28,80,23.568,85,0.0995,86,North West,Stockport
E08000008,Tameside,22321.02,41,29.836,44,0.1761,49,0.3857,35,32525.82,54,21299.59,46,0.296,45,0.1549,51,68761,59,22792.48,29,0.182,37,0.1831,44,26277.33,57,20227.65,84,25.642,88,0.0704,124,24875.28,28,0.686,31,0.1901,44,24567.86,10,0.635,14,0.2042,39,16916.87,154,20.916,161,0.0282,176,19509.53,62,25.017,73,0.1197,78,North West,Tameside
E08000009,Trafford,11881.22,223,14.972,201,0.0432,129,0.0984,154,29770.82,138,12422.76,217,0.171,189,0.0576,116,40418,112,14295.28,181,0.117,162,0.0576,121,16663.92,101,8330.01,280,9.272,276,0.0144,205,13852.82,169,-0.278,173,0.0432,113,15880.13,143,-0.085,140,0.0576,133,6156.14,288,11.577,287,0,222,18935.28,70,24.069,79,0.0576,143,North West,Trafford
E08000010,Wigan,18652.76,102,25.206,78,0.155,56,0.2964,66,32654.12,48,17346.77,118,0.239,102,0.115,72,79771,49,20175.62,70,0.163,56,0.15,52,33730.75,30,18646.16,108,25.207,92,0.125,83,23445.49,48,0.591,46,0.225,36,21034.67,58,0.382,51,0.205,38,10872.36,248,15.682,248,0,222,15931.91,124,19.513,129,0.075,117,North West,Wigan
E08000011,Knowsley,24167.14,17,36.157,13,0.4,7,0.5104,12,33320.46,19,23083.47,24,0.342,25,0.29,18,53725,85,25612.11,2,0.23,4,0.46,3,22787.42,71,24176.85,13,39.472,7,0.39,3,28791.73,3,1.215,3,0.57,4,20535.53,69,0.28,72,0.12,75,13230.27,218,17.572,222,0,222,12134.51,238,13.13,254,0,253,North West,Knowsley
E08000012,Liverpool,24476.3,12,37.11,9,0.3675,12,0.5402,6,33440.72,13,22586.76,34,0.343,24,0.3113,14,169951,5,23404.64,24,0.214,7,0.4338,4,71677.08,4,22124.77,44,32.945,32,0.2583,25,28991.9,2,1.273,2,0.606,1,22741.9,28,0.498,28,0.2086,36,7193.76,282,12.078,283,0,222,21600.51,42,31.006,36,0.255,26,North West,Liverpool
E08000013,St. Helens,20369.74,68,28.953,46,0.2314,29,0.3673,40,33216.62,25,19077.02,84,0.271,63,0.1901,43,50095,91,22693.54,30,0.196,24,0.2562,27,22217.67,74,19411.14,94,27.815,67,0.1818,51,25956.06,16,0.887,14,0.3554,20,19904.57,78,0.277,73,0.1901,42,7760.27,279,13.274,279,0,222,17266.46,105,20.527,116,0.0331,196,North West,St. Helens
E08000014,Sefton,18364.97,110,25.15,80,0.1885,44,0.2715,70,33025.89,35,17774.94,109,0.245,96,0.1623,50,68641,60,21384.78,52,0.176,42,0.2199,39,29696.17,43,17954.84,120,23.695,108,0.1518,68,23444.56,49,0.634,38,0.2827,28,16327.93,131,-0.029,127,0.1204,74,6529.49,284,12.01,284,0,222,18776.01,77,24.461,78,0.1466,60,North West,Sefton
E08000015,Wirral,18517.76,106,27.473,58,0.2344,28,0.3229,54,33487.86,9,17822.62,108,0.263,75,0.201,39,84706,40,21352.69,54,0.19,28,0.2584,26,36407.92,16,16383.57,148,23.272,114,0.1722,56,24719.47,30,0.848,17,0.3445,22,16529.35,129,-0.036,130,0.1483,64,3228.31,293,8.037,294,0,222,19161.08,66,25.898,65,0.1866,43,North West,Wirral
E08000016,Barnsley,22428.44,40,30.057,40,0.2162,33,0.3927,34,32556.05,53,20978.43,48,0.279,53,0.1149,73,68818,58,23460.81,23,0.188,30,0.25,29,28641.25,46,22734.47,36,33.25,30,0.277,21,27301.6,8,0.972,9,0.3919,12,22634.07,32,0.472,29,0.1892,43,11295.25,240,16.113,241,0.0068,214,13478.57,201,16.047,198,0.0405,180,Yorkshire and The Humber,Barnsley
E08000017,Doncaster,21877.3,44,30.523,35,0.2312,30,0.3794,36,33156.1,27,20933.92,49,0.293,47,0.1809,45,91117,31,22388.15,35,0.182,36,0.201,42,34942.42,23,23003.98,29,35.977,18,0.3166,9,23176.24,51,0.535,52,0.1709,50,24096.43,11,0.636,13,0.2613,19,17475.34,145,21.841,141,0.0653,127,14326.95,177,18.145,156,0.0804,109,Yorkshire and The Humber,Doncaster
E08000018,Rotherham,20913.02,53,29.836,43,0.2118,35,0.3594,47,33445.68,12,20480.46,56,0.296,43,0.1941,42,79318,51,22266.8,40,0.189,29,0.2412,33,30860.83,38,21699.09,55,32.402,35,0.2353,33,25617.92,19,0.807,20,0.3059,26,20752.71,63,0.328,61,0.1765,51,13371.93,216,17.724,218,0,222,13426.54,205,15.841,204,0.0412,179,Yorkshire and The Humber,Rotherham
E08000019,Sheffield,19277.22,90,27.574,56,0.2187,31,0.3469,49,33133.69,28,18320.63,98,0.278,56,0.2274,33,157078,6,18114.91,112,0.159,64,0.2362,34,57952,7,18418.25,114,28.775,60,0.2536,27,22368.28,58,0.514,54,0.2566,31,20018.6,74,0.247,78,0.1691,57,10583.51,256,15.455,255,0.0058,217,17411.01,103,23.203,87,0.1545,56,Yorkshire and The Humber,Sheffield
E08000021,Newcastle upon Tyne,19744.45,82,28.834,48,0.2611,22,0.3667,42,33285.64,21,18294.29,100,0.278,57,0.25,26,85104,39,17759.97,119,0.16,63,0.2667,22,33074,32,19114.83,104,29.683,53,0.2833,17,23644.35,44,0.648,36,0.3056,27,21348.54,51,0.389,48,0.2278,27,12744.44,226,17.031,231,0.0056,218,18097.42,86,22.328,92,0.0611,137,North East,Newcastle upon Tyne
E08000022,North Tyneside,16251.46,145,20.932,124,0.0827,100,0.2055,102,31552.49,91,16628.12,129,0.225,116,0.0677,103,47273,96,18417.62,106,0.148,86,0.0977,90,19054.42,90,15134.91,177,18.947,154,0.0376,156,21267.1,71,0.398,65,0.1579,54,18855.84,95,0.176,96,0.1429,66,2704.81,295,7.898,295,0,222,15232.84,140,18.078,159,0.0602,140,North East,North Tyneside
E08000023,South Tyneside,22741.19,35,31.061,32,0.2136,34,0.429,28,32595.72,50,22251.74,37,0.317,33,0.1942,41,47035,97,25169.09,6,0.215,6,0.3689,8,19541.83,87,19159,102,23.458,111,0.0291,168,27290.18,9,0.972,10,0.4175,9,22638.11,31,0.469,30,0.2136,32,6248.01,286,11.809,285,0,222,15816.58,125,18.95,142,0.068,127,North East,South Tyneside
E08000024,Sunderland,22974.73,31,32.76,22,0.2757,20,0.4566,23,33110.15,33,21581.49,42,0.308,37,0.2108,36,85416,37,24636.69,10,0.211,9,0.3189,13,36290.25,18,21838.05,52,31.471,40,0.2324,35,27874.39,6,1.062,6,0.4378,8,22172,40,0.455,37,0.2216,29,9434.55,270,14.582,270,0,222,15712.21,128,20.475,118,0.1351,64,North East,Sunderland
E08000025,Birmingham,25089.35,8,38.115,5,0.4279,2,0.5596,4,33268.15,23,25469.55,7,0.417,1,0.4476,2,481158,1,24723.37,9,0.214,8,0.4112,6,156514.5,1,22991.3,30,34.448,23,0.2898,15,25333.17,23,0.72,30,0.2564,32,23735.33,18,0.551,22,0.2094,35,17655.82,141,21.68,143,0.0319,171,22990.2,31,31.241,34,0.1866,42,West Midlands,Birmingham
E08000026,Coventry,20616.29,61,27.528,57,0.1773,48,0.3204,57,32679.65,47,20783.41,52,0.293,48,0.1724,48,103207,22,19727.81,79,0.156,70,0.1478,57,35799.5,21,20742.31,71,27.267,75,0.0985,105,23676.82,43,0.594,45,0.2069,39,20457.59,70,0.282,71,0.1281,70,16983.31,153,20.733,163,0.0049,220,19006.3,68,23.599,84,0.0739,120,West Midlands,Coventry
E08000027,Dudley,17942.87,115,23.174,103,0.1084,89,0.2578,73,31791.02,84,19165,82,0.267,67,0.1429,56,86513,34,20587.66,63,0.162,57,0.133,67,31808.67,35,20694.6,73,28.694,61,0.1773,55,18871.7,100,0.145,102,0.0246,142,17260.47,118,0.01,122,0.0394,159,9441.62,268,14.558,271,0,222,15197.68,141,17.371,173,0.0148,239,West Midlands,Dudley
E08000028,Sandwell,25389.96,5,33.772,19,0.1632,54,0.5095,13,32009.52,72,26153.94,4,0.374,9,0.2105,37,128956,10,25378.48,3,0.197,23,0.1684,47,42210.67,9,26014.75,5,38.319,12,0.2316,36,25067.1,27,0.657,34,0.1263,67,22813.72,27,0.438,39,0.0737,114,17867.02,138,21.635,145,0.0316,172,20524.83,56,25.463,70,0.0947,90,West Midlands,Sandwell
E08000029,Solihull,12647.41,204,17.04,173,0.1343,62,0.1706,113,32035.34,70,14163.27,181,0.194,156,0.1194,65,42156,107,14862.46,168,0.127,130,0.1493,56,16196.42,105,13326.5,215,17.637,173,0.1269,82,14710.32,157,-0.165,154,0.1343,65,14647.75,170,-0.201,176,0.0896,93,8531.89,276,13.681,276,0,222,13420.31,206,14.582,232,0,253,West Midlands,Solihull
E08000030,Walsall,22512.04,38,31.732,28,0.2485,27,0.4822,19,32556.41,52,23426.63,20,0.356,19,0.3195,11,101957,23,23944.38,16,0.199,20,0.2899,16,34313.17,26,23999.74,14,36.018,17,0.3136,10,23507.19,46,0.546,49,0.1183,69,21112.79,56,0.324,62,0.1065,81,10594.81,255,15.549,252,0,222,17992.16,89,21.674,102,0.0473,164,West Midlands,Walsall
E08000031,Wolverhampton,23727.39,24,32.552,23,0.2174,32,0.486,18,32498.43,56,24367.59,11,0.358,16,0.2795,21,95754,27,25231.21,5,0.207,14,0.2671,21,34066.25,27,22590.11,40,30.265,48,0.1056,97,24673.46,31,0.635,37,0.1553,57,22741.57,29,0.462,34,0.1553,60,18019.67,133,21.618,146,0.0186,186,17541.93,100,21.559,104,0.0745,119,West Midlands,Wolverhampton
E08000032,Bradford,23730,23,36.713,12,0.3686,11,0.5204,10,33502.6,8,22970.09,27,0.357,17,0.3365,9,197520,4,23254.86,25,0.199,22,0.2756,18,66881.42,5,23839.03,17,40.298,5,0.3814,4,23955.85,41,0.614,41,0.2115,37,24754.57,9,0.713,7,0.3462,6,15130.53,193,19.221,194,0.0128,205,23298.47,29,36.171,18,0.2949,18,Yorkshire and The Humber,Bradford
E08000033,Calderdale,20325.12,71,27.582,55,0.2016,37,0.3224,56,32901.34,38,18839.02,89,0.263,74,0.1628,49,54630,82,20256.66,68,0.165,54,0.186,43,20991.17,82,17014.18,133,22.388,123,0.1318,79,20598.56,79,0.34,75,0.155,58,22151.34,41,0.463,31,0.2403,22,13750.77,210,18.366,209,0.0388,149,25503.14,19,38.341,12,0.3798,8,Yorkshire and The Humber,Calderdale
E08000034,Kirklees,19464.14,85,25.805,70,0.1346,61,0.3067,64,32344.5,61,19234.87,81,0.269,64,0.1731,47,117724,15,19837.21,78,0.156,74,0.1192,75,41944.17,10,18530.55,111,25.373,90,0.1654,59,20213.97,83,0.278,82,0.1038,77,21522.74,48,0.391,47,0.1538,61,15611.6,183,19.577,188,0,222,21330.91,45,27.732,47,0.1346,65,Yorkshire and The Humber,Kirklees
E08000035,Leeds,17398.17,124,24.115,86,0.1721,51,0.2849,67,32798.75,45,16849.46,125,0.246,95,0.1537,52,201408,3,16498.91,140,0.138,108,0.1496,55,73216.17,2,16995,135,24.465,102,0.1803,52,18757.47,104,0.155,100,0.0861,87,22219.19,39,0.509,27,0.2848,13,9824.12,265,14.733,268,0.0061,215,19866.27,58,27.088,50,0.1393,62,Yorkshire and The Humber,Leeds
E08000036,Wakefield,20586.9,63,27.247,59,0.1721,52,0.3263,53,32393.82,60,18986.46,86,0.256,85,0.1163,70,91180,30,20922.92,57,0.164,55,0.1395,63,36389.92,17,22083.57,47,32.671,33,0.2279,37,24232.39,38,0.632,39,0.2,42,23242.08,23,0.545,24,0.2419,21,12905.7,222,17.524,223,0.0047,221,14917.49,152,17.32,175,0.0372,189,Yorkshire and The Humber,Wakefield
E08000037,Gateshead,20798.24,58,28.128,53,0.1905,42,0.3471,48,32569,51,20239.04,62,0.283,52,0.1508,55,55875,77,22525.71,33,0.184,35,0.2143,40,22497.5,73,19333.68,97,26.796,80,0.1825,50,25101.73,25,0.737,27,0.3095,25,20989.37,59,0.333,58,0.1825,48,8899.93,273,14.102,273,0.0159,197,17210.78,106,20.631,115,0.0556,144,North East,Gateshead
E09000001,City of London,8781.75,267,10.21,268,0,193,0,282,18949,285,4506.16,295,0.066,295,0,206,753,295,4914.13,293,0.05,295,0,209,471,295,4184.85,295,4.12,295,0,224,11922.62,201,-0.529,219,0,178,2825.13,295,-1.482,296,0,238,9292.43,271,14.265,272,0,222,30847.26,2,49.464,3,0.5,5,London,City of London
E09000002,Barking and Dagenham,25038.67,9,30.266,38,0.0174,169,0.319,58,29685.66,142,27338.3,1,0.384,5,0.1304,59,84490,41,23701.56,18,0.167,51,0.0087,197,23273.17,68,21933.58,50,24.962,95,0,224,20770.8,77,0.265,84,0.0087,170,21765,46,0.354,54,0.0609,127,27659.01,8,32.012,19,0.2087,56,21233.95,48,25.497,69,0.0435,172,London,Barking and Dagenham
E09000003,Barnet,17134.88,129,19.499,140,0.0045,192,0.0913,161,27855.96,174,19907.57,70,0.257,83,0.05,126,100053,24,16621,136,0.119,154,0.0045,208,29325.17,45,10835.43,254,10.793,256,0,224,7920.41,261,-0.79,262,0,178,15660.06,146,-0.101,147,0.0182,202,26077.1,24,31.375,22,0.3,31,22713.12,35,28.271,44,0.0545,145,London,Barnet
E09000004,Bexley,12983.4,200,15.302,195,0,193,0.0744,173,27813.43,175,14703.19,174,0.187,165,0.0068,202,46283,98,14273.87,182,0.109,180,0.0068,202,16654.5,102,15642.51,167,16.51,184,0,224,13000.64,184,-0.327,186,0.0068,174,14753.17,164,-0.178,165,0.0405,155,10946.63,245,15.666,249,0,222,18321.95,84,20.848,110,0,253,London,Bexley
E09000005,Brent,23737.65,22,30.046,41,0.1547,57,0.3226,55,32042.29,69,25581.96,6,0.367,12,0.232,32,125293,13,19921.01,74,0.146,87,0.0663,112,33901.58,28,19331.96,99,22.511,119,0.011,218,13509.92,175,-0.281,175,0.0055,175,19957.4,75,0.236,81,0.0829,105,31184.29,2,41.64,1,0.7348,1,23775.42,26,29.898,37,0.0608,138,London,Brent
E09000006,Bromley,10479.35,248,12.673,238,0.005,191,0.0624,183,27757.16,178,12222.56,223,0.158,212,0.0201,164,52034,88,12165.75,224,0.097,214,0.0201,163,19808.25,85,9264.58,273,10.096,269,0,224,8582.31,250,-0.773,257,0,178,13806.79,189,-0.274,193,0.0251,185,13619.02,211,18.016,213,0.005,219,18055.27,88,21.051,109,0.0101,247,London,Bromley
E09000007,Camden,19647.6,83,23.695,96,0.0308,142,0.2255,91,30119.6,129,19707.96,75,0.266,69,0.1077,76,57697,75,18260.79,109,0.136,111,0.0308,146,21476.75,78,12074.86,233,12.384,244,0,224,18017.99,110,0.047,120,0.0308,129,19779.11,82,0.22,84,0.0769,112,17884.39,137,21.896,137,0.0538,135,28876.42,5,42.556,6,0.3769,9,London,Camden
E09000008,Croydon,18551.98,105,22.562,107,0.0349,138,0.2033,103,30406.71,121,20732.02,53,0.277,58,0.083,91,108830,18,19565.79,82,0.145,92,0.0655,113,36772.92,15,15432.07,172,16.756,179,0,224,15260.1,153,-0.149,153,0.0087,169,18673.55,100,0.128,101,0.0524,141,20439.97,95,24.072,101,0.0437,144,21351.41,44,26.856,54,0.0524,152,London,Croydon
E09000009,Ealing,21688.64,45,25.947,68,0.0302,144,0.2469,82,30001.17,133,23503.62,18,0.318,32,0.1307,58,117671,16,18616.01,97,0.131,123,0.0201,163,32677.17,33,15624.13,168,18.012,167,0,224,13434.2,177,-0.298,180,0,178,18315.87,107,0.106,107,0.0352,164,29295.26,4,37.613,5,0.5528,4,24610.49,25,31.721,32,0.0905,96,London,Ealing
E09000010,Enfield,22538.62,37,29.888,42,0.1803,47,0.4205,30,31852.73,78,25039.58,9,0.377,6,0.3825,5,123528,14,22040.87,43,0.168,50,0.1202,73,34400,25,20290.79,81,26.858,79,0.082,116,13841.69,170,-0.279,174,0,178,19818.36,80,0.209,86,0.0328,172,26147.17,22,31.552,21,0.3333,22,23544.01,28,29.654,38,0.0437,171,London,Enfield
E09000011,Greenwich,20217.62,74,23.539,98,0,193,0.1797,110,28959.79,154,21547.12,43,0.277,59,0.0366,138,80738,47,19238.4,90,0.138,107,0.0183,169,27539.08,51,14705.75,184,15.364,201,0,224,18781.57,103,0.124,105,0.0122,159,21811.13,45,0.356,53,0.0427,151,23213.98,51,27.329,61,0.1341,79,21316.9,47,26.038,64,0.0305,199,London,Greenwich
E09000012,Hackney,24813.48,10,31.795,27,0.1611,55,0.4,33,31775.7,87,26153.88,5,0.4,3,0.2886,19,104726,19,22671.03,31,0.17,49,0.0537,125,33604.58,31,13699.27,211,14.82,212,0.0201,188,24672.42,32,0.602,43,0.0805,92,23924.35,12,0.529,25,0.094,90,23096.96,53,27.425,60,0.1678,67,26555.14,14,35.594,19,0.1208,74,London,Hackney
E09000013,Hammersmith and Fulham,18491.87,108,21.202,120,0.0174,169,0.1385,130,28900.98,158,18667.62,92,0.239,103,0.0783,95,44239,103,16301.94,146,0.119,148,0.0174,174,16241.75,104,8704.93,277,8.682,280,0,224,17227.52,127,0,131,0.0261,138,19232.58,91,0.177,95,0.0261,181,20334.8,98,23.697,108,0.0348,157,28546.65,6,41.533,8,0.3739,11,London,Hammersmith and Fulham
E09000014,Haringey,23134.61,29,30.856,33,0.1905,42,0.4372,25,32018.76,71,23869.71,15,0.354,20,0.2653,23,92832,29,21514.4,48,0.162,58,0.0952,94,29657.67,44,16921.18,139,21.016,134,0,224,15993.88,141,-0.118,146,0.0068,173,22698.59,30,0.46,35,0.1224,72,27464.72,10,34.992,7,0.5238,5,27266.66,10,37.534,14,0.1769,48,London,Haringey
E09000015,Harrow,15791.19,153,17.527,168,0,193,0.0436,206,26244.07,208,20400.77,57,0.255,86,0.0069,201,66683,65,14394.61,179,0.103,197,0,209,17016.17,98,12926.42,220,13.271,236,0,224,7577.9,266,-0.79,261,0,178,13176.81,201,-0.305,198,0,238,24387.21,37,29.271,41,0.1944,57,19565.31,61,22.825,90,0,253,London,Harrow
E09000016,Havering,14471.72,173,16.755,176,0.0065,188,0.0742,174,28138.95,168,16325.72,133,0.203,138,0.0131,187,53744,84,15342.6,160,0.113,170,0.0131,187,18346,94,16679.57,142,18.273,163,0.0065,221,12209.1,197,-0.401,199,0,178,14616.09,171,-0.193,174,0.0131,224,19751.25,104,23.605,111,0.0458,140,15695.39,129,17.268,176,0,253,London,Havering
E09000017,Hillingdon,17826.91,116,20.653,128,0,193,0.1201,144,28414.26,166,19988.31,67,0.257,82,0.0235,159,79883,48,16003.48,153,0.114,169,0,209,22920.83,70,17039.58,132,19.272,150,0.0059,222,13164.03,181,-0.317,183,0,178,17641.07,116,0.038,117,0.0176,207,25185.86,28,30.292,33,0.2176,53,19063.16,67,22.101,98,0.0118,243,London,Hillingdon
E09000018,Hounslow,21445.12,49,24.859,82,0.02,160,0.1746,112,29072.42,152,22410.31,35,0.289,49,0.0467,128,84188,42,18132.66,111,0.126,133,0.0067,203,24413.67,62,17592.96,123,20.129,142,0,224,11609.42,209,-0.438,208,0,178,20540.87,68,0.262,74,0.04,157,28938.63,5,35.604,6,0.4733,8,25602.51,18,34.028,25,0.12,76,London,Hounslow
E09000019,Islington,22487.79,39,26.651,63,0.0397,133,0.2267,90,29997.14,134,23096.32,23,0.304,39,0.0873,88,66689,64,21616.15,47,0.156,73,0.0556,123,25719,58,13728.31,209,13.879,224,0,224,21882.47,64,0.369,70,0.0317,126,22534.56,33,0.413,44,0.0635,125,20759.84,86,24.403,99,0.0397,148,27171.55,11,37.47,15,0.1905,39,London,Islington
E09000020,Kensington and Chelsea,17076.3,130,20.339,130,0.0297,146,0.1613,119,30013.8,132,14167.39,180,0.196,151,0.0891,87,28641,146,13193.72,207,0.106,186,0.0594,120,11047.17,145,8354.52,279,8.335,281,0,224,10688.08,219,-0.743,252,0.0099,165,20679.09,67,0.283,68,0.0594,130,17913.07,136,22.279,129,0.0693,124,30738.08,3,51.559,2,0.7327,2,London,Kensington and Chelsea
E09000021,Kingston upon Thames,9596.44,259,11.063,260,0,193,0.0096,260,21782.13,263,13546.73,194,0.164,200,0,206,27705,152,10758.95,246,0.084,250,0,209,9212.5,174,8037.24,281,8.007,282,0,224,7589.29,265,-0.795,263,0,178,11920.84,222,-0.399,218,0,238,5178.84,289,10.703,289,0,222,22482.25,36,27.719,48,0.0101,244,London,Kingston upon Thames
E09000022,Lambeth,20360.2,70,23.041,104,0.0055,190,0.1216,142,27760.16,177,20721.28,54,0.26,79,0.011,194,82214,45,17904.12,116,0.127,131,0.0055,206,30265.5,41,12156.64,232,12.044,248,0,224,17809.8,114,0.047,121,0.011,164,21240.87,54,0.322,64,0.0497,146,22217.78,70,25.329,88,0.0221,183,28413.79,7,41.346,9,0.3702,12,London,Lambeth
E09000023,Lewisham,21676.6,46,25.472,75,0.0171,172,0.1981,108,29746.01,141,22308.66,36,0.287,51,0.0629,106,85743,36,20745.25,60,0.149,83,0.0457,132,31312.67,37,12337.72,231,12.43,243,0,224,19712.46,91,0.193,96,0.0114,163,22374.37,36,0.409,45,0.0571,134,24438.69,36,28.27,51,0.1314,82,26011.33,15,34.991,21,0.1714,50,London,Lewisham
E09000024,Merton,12518.56,207,14.384,209,0,193,0.0404,209,26319.24,205,16015.36,137,0.203,139,0.0238,156,43687,104,13019.41,211,0.099,209,0.0079,200,14123.17,120,10935.48,250,11.376,252,0,224,8428.75,251,-0.78,260,0,178,14329.98,177,-0.219,179,0,238,10462.69,257,15.006,265,0,222,22817.45,33,28.231,45,0.0317,198,London,Merton
E09000025,Newham,25157.21,7,31.583,29,0.0541,119,0.4251,29,30519.22,117,27039.61,2,0.39,4,0.2595,25,139393,8,20315.32,67,0.143,96,0.0108,191,35962.75,19,20936.83,64,24.385,104,0,224,18246.49,106,0.081,111,0.0216,147,20720.76,64,0.282,70,0.0541,138,30383.29,3,39.266,3,0.7243,2,26006.07,16,34.983,22,0.1568,55,London,Newham
E09000026,Redbridge,17221.45,127,19.854,137,0.0183,164,0.1071,149,28877.65,159,20918.1,50,0.274,61,0.061,109,85342,38,16402.63,142,0.118,159,0.0061,204,23497.67,66,14399.61,189,14.805,213,0,224,10417.1,225,-0.53,220,0,178,16963.11,122,0,124,0.0305,174,21965.65,74,26.265,75,0.1159,94,21748.13,40,26.564,57,0.0244,216,London,Redbridge
E09000027,Richmond upon Thames,7866.61,282,9.532,280,0,193,0.0094,261,21182.75,269,9289.66,279,0.122,272,0,206,23672,178,8083.12,281,0.072,278,0.0087,197,8762.75,181,3590.39,296,3.638,296,0,224,3686.34,290,-1.382,290,0,178,11947.05,221,-0.39,216,0,238,2364.71,296,7.225,296,0,222,26672.21,12,37.446,16,0.287,19,London,Richmond upon Thames
E09000028,Southwark,20380.68,67,23.328,102,0,193,0.1379,131,27927.59,173,20791.71,51,0.266,68,0.0058,203,82865,44,18474.78,104,0.132,121,0,209,30395.08,40,11767.72,239,11.706,250,0,224,18988.24,99,0.127,104,0.0173,151,20882.97,61,0.296,66,0.0578,132,23464.24,48,26.734,69,0.0462,139,26584.14,13,36.292,17,0.1908,38,London,Southwark
E09000029,Sutton,11826.33,224,13.85,221,0.0081,186,0.0489,198,26810.11,194,14702.43,175,0.184,171,0.0244,154,38620,116,13616.13,195,0.104,192,0.0325,145,13668.75,123,11254.06,246,12.038,249,0.0081,220,10149.03,228,-0.571,228,0,178,14023.23,184,-0.247,188,0.0081,236,12168.97,234,16.718,235,0,222,18971.1,69,21.942,100,0,253,London,Sutton
E09000030,Tower Hamlets,23847.49,20,30.554,34,0.1302,68,0.4148,31,31107.1,109,26481.56,3,0.401,2,0.3787,7,129736,9,19388.03,85,0.143,97,0.0059,205,34835.83,24,15587.02,169,16.363,186,0,224,21871.38,65,0.364,72,0.0296,132,22455.81,35,0.4,46,0.0533,140,27039.64,12,32.271,18,0.3195,25,24710.36,23,32.475,30,0.1243,71,London,Tower Hamlets
E09000031,Waltham Forest,20500.1,65,23.453,100,0.0068,187,0.1322,133,28908.92,157,22976.12,26,0.296,42,0.0685,102,81704,46,19520.11,83,0.136,113,0.0068,201,25570.08,59,16137.5,153,16.611,181,0,224,15512.47,149,-0.124,150,0,178,19777.88,83,0.203,88,0.0137,223,22124.98,72,25.667,85,0.0548,134,25364.36,20,33.957,26,0.1712,51,London,Waltham Forest
E09000032,Wandsworth,13272.79,193,15.157,197,0,193,0.0545,186,27096.69,189,15349.57,151,0.2,145,0.0591,113,65679,67,11142.63,239,0.089,236,0.0054,207,21381.92,79,7465.55,284,7.388,285,0,224,10583.84,223,-0.559,226,0,178,15808.07,145,-0.092,144,0.0161,213,10159.19,262,15.154,262,0,222,27426.11,9,38.647,11,0.2796,21,London,Wandsworth
E09000033,Westminster,19406.31,87,23.931,92,0.0894,94,0.2328,86,31297.11,104,18177.85,105,0.254,87,0.1382,57,53197,87,15936.47,155,0.127,132,0.0732,105,19806.58,86,10854.83,253,11.187,254,0,224,14166.22,164,-0.31,181,0.0081,172,20689.15,66,0.285,67,0.065,124,21765.83,78,25.86,82,0.0894,108,30103.62,4,46.969,5,0.5854,3,London,Westminster
